Game Title;User Rating;Age Group Targeted;Price;Platform;Requires Special Device;Developer;Publisher;Release Year;Genre;Multiplayer;Game Length (Hours);Graphics Quality;Soundtrack Quality;Story Quality;User Review Text;Game Mode;Min Number of Players
Half-Life: Alyx;30.1;Adults;55.49;PlayStation;Yes;Game Freak;Epic Games;2022;RPG;Yes;13.2;High;Poor;Good;Great game, but too many bugs.;Offline;1
Street Fighter V;37.4;All Ages;58.01;PlayStation;No;Game Freak;Epic Games;2010;Fighting;Yes;29.2;Medium;Average;Average;Solid game, but too many bugs.;Offline;5
Rocket League;28.6;Kids;52.91;PlayStation;No;Epic Games;Valve;2012;Party;No;7.0;Low;Poor;Poor;Solid game, but the gameplay is amazing.;Offline;2
The Legend of Zelda: Breath of the Wild;31.4;Adults;29.05;PlayStation;No;Nintendo;Innersloth;2013;Adventure;No;55.6;Medium;Excellent;Excellent;Amazing game, but too many bugs.;Offline;5
Overwatch 2;31.8;All Ages;54.21;PlayStation;Yes;Capcom;Valve;2014;Shooter;No;16.1;Ultra;Average;Excellent;Disappointing game, but too many bugs.;Online;4
Sid Meier’s Civilization VI;30.2;All Ages;45.46;PlayStation;No;Bungie;Valve;2020;Adventure;No;26.4;Low;Poor;Poor;Solid game, but the gameplay is amazing.;Offline;5
Overwatch 2;33.0;All Ages;57.97;PlayStation;No;Valve;Nintendo;2017;Fighting;Yes;12.2;High;Average;Good;Disappointing game, but the gameplay is amazing.;Offline;5
Spelunky 2;36.4;Adults;35.69;PlayStation;Yes;Game Freak;Activision;2013;Fighting;Yes;56.9;Ultra;Average;Excellent;Great game, but too many bugs.;Offline;2
Rocket League;32.5;Adults;34.34;PlayStation;Yes;CD Projekt Red;Activision;2023;Action;No;55.8;Low;Average;Average;Solid game, but the graphics could be better.;Offline;2
Super Smash Bros. Ultimate;44.3;All Ages;59.32;PlayStation;No;Nintendo;Square Enix;2010;Party;No;44.5;Medium;Good;Average;Great game, but too many bugs.;Offline;6
The Sims 4;30.6;Teens;39.26;PlayStation;No;CD Projekt Red;Innersloth;2018;RPG;Yes;42.0;Medium;Average;Excellent;Great game, but the graphics could be better.;Online;8
Hades;23.3;Kids;39.48;PlayStation;No;Nintendo;Nintendo;2019;Puzzle;No;13.3;Ultra;Poor;Poor;Solid game, but too many bugs.;Online;4
Halo Infinite;36.6;Adults;55.05;PlayStation;Yes;Epic Games;Activision;2022;Action;No;31.1;Ultra;Poor;Poor;Solid game, but too many bugs.;Offline;4
The Legend of Zelda: Breath of the Wild;29.1;Kids;33.71;PlayStation;No;CD Projekt Red;Epic Games;2018;Strategy;No;41.9;Ultra;Average;Poor;Great game, but the graphics could be better.;Online;4
Ghost of Tsushima;33.9;Kids;40.54;PlayStation;No;Rockstar Games;Capcom;2019;RPG;Yes;50.9;Medium;Good;Poor;Disappointing game, but the gameplay is amazing.;Offline;10
Mario Kart 8 Deluxe;22.5;Kids;23.29;PlayStation;No;Valve;Electronic Arts;2015;Shooter;No;38.0;Medium;Poor;Poor;Solid game, but the graphics could be better.;Offline;1
Cuphead;24.6;Kids;32.69;PlayStation;No;Innersloth;Electronic Arts;2023;Shooter;No;28.5;Ultra;Poor;Poor;Amazing game, but too many bugs.;Offline;7
The Witcher 3: Wild Hunt;28.6;All Ages;40.75;PlayStation;Yes;EA Sports;Activision;2011;Puzzle;No;27.0;Medium;Average;Excellent;Disappointing game, but the gameplay is amazing.;Offline;6
Grand Theft Auto V;44.1;Kids;57.59;PlayStation;No;Game Freak;Activision;2011;RPG;No;57.3;Low;Poor;Average;Solid game, but the gameplay is amazing.;Online;3
Fortnite;31.1;Adults;40.03;PlayStation;Yes;Bungie;Capcom;2019;Fighting;Yes;31.7;High;Average;Poor;Great game, but the gameplay is amazing.;Online;2
The Legend of Zelda: Breath of the Wild;17.1;Kids;26.03;PlayStation;No;Rockstar Games;Valve;2017;Adventure;Yes;15.5;Medium;Average;Excellent;Disappointing game, but the graphics could be better.;Online;7
Pokémon Scarlet & Violet;22.2;Teens;26.35;PlayStation;Yes;Innersloth;Square Enix;2010;RPG;No;34.5;High;Average;Good;Amazing game, but the graphics could be better.;Online;4
Kingdom Hearts III;26.7;All Ages;30.02;PlayStation;No;Innersloth;Nintendo;2010;Party;Yes;43.7;Medium;Poor;Good;Disappointing game, but the graphics could be better.;Online;2
The Elder Scrolls V: Skyrim;37.7;All Ages;58.56;PlayStation;Yes;CD Projekt Red;Electronic Arts;2018;Adventure;Yes;31.8;High;Excellent;Poor;Solid game, but too many bugs.;Offline;3
Spelunky 2;23.3;Kids;25.5;PlayStation;Yes;Capcom;Square Enix;2019;Fighting;Yes;38.7;Low;Average;Poor;Amazing game, but the graphics could be better.;Online;8
Red Dead Redemption 2;26.6;Kids;35.69;PlayStation;No;Rockstar Games;Capcom;2012;Party;No;30.4;Ultra;Excellent;Good;Great game, but the gameplay is amazing.;Offline;6
1000-Piece Puzzle;46.0;Teens;58.75;PlayStation;No;CD Projekt Red;Innersloth;2019;Strategy;No;50.1;High;Excellent;Excellent;Amazing game, but the gameplay is amazing.;Online;2
Counter-Strike: Global Offensive;20.7;Kids;30.91;PlayStation;No;Game Freak;Capcom;2022;RPG;Yes;20.2;High;Average;Average;Great game, but too many bugs.;Online;7
Fortnite;21.6;Kids;40.71;PlayStation;No;Bungie;Valve;2016;Fighting;Yes;9.7;High;Excellent;Excellent;Solid game, but the graphics could be better.;Online;6
Minecraft;15.7;All Ages;26.36;PlayStation;Yes;Game Freak;Valve;2013;Fighting;Yes;14.1;Low;Good;Excellent;Amazing game, but the gameplay is amazing.;Offline;8
The Legend of Zelda: Breath of the Wild;30.6;All Ages;22.76;PlayStation;No;Bungie;Nintendo;2014;Strategy;No;58.5;Ultra;Good;Excellent;Amazing game, but the gameplay is amazing.;Online;2
Grand Theft Auto V;37.4;Teens;41.74;PlayStation;Yes;Valve;Take-Two Interactive;2014;Action;No;59.3;Low;Poor;Excellent;Solid game, but the gameplay is amazing.;Online;4
The Sims 4;28.7;Adults;55.7;PlayStation;Yes;Game Freak;Take-Two Interactive;2016;Strategy;No;6.8;Low;Excellent;Average;Amazing game, but too many bugs.;Online;3
League of Legends;41.7;All Ages;50.29;PlayStation;No;Valve;Valve;2019;Simulation;No;50.7;High;Average;Average;Amazing game, but the gameplay is amazing.;Online;1
Tetris;23.6;All Ages;30.93;PlayStation;Yes;EA Sports;Square Enix;2013;Puzzle;Yes;33.3;High;Average;Excellent;Disappointing game, but too many bugs.;Online;4
Bioshock Infinite;37.3;All Ages;49.87;PlayStation;No;Game Freak;Electronic Arts;2011;Party;Yes;37.2;Medium;Average;Excellent;Solid game, but the graphics could be better.;Online;3
Bioshock Infinite;29.2;Teens;45.77;PlayStation;Yes;Game Freak;Take-Two Interactive;2023;Adventure;No;24.2;High;Excellent;Excellent;Disappointing game, but too many bugs.;Online;5
Fortnite;28.6;Kids;48.91;PlayStation;No;CD Projekt Red;Activision;2013;Fighting;Yes;10.0;Ultra;Good;Excellent;Great game, but the gameplay is amazing.;Offline;5
Spelunky 2;21.2;Kids;30.33;PlayStation;No;Valve;Valve;2021;Strategy;Yes;14.4;Low;Good;Good;Disappointing game, but the gameplay is amazing.;Offline;2
Overwatch 2;18.3;Teens;26.95;PlayStation;No;EA Sports;Capcom;2023;Simulation;Yes;18.8;Medium;Poor;Good;Great game, but too many bugs.;Offline;4
Half-Life: Alyx;34.9;Adults;44.52;PlayStation;No;Rockstar Games;Valve;2019;Action;No;43.7;Ultra;Good;Poor;Solid game, but too many bugs.;Online;3
Among Us;37.6;Teens;59.02;PlayStation;Yes;EA Sports;Valve;2017;Action;Yes;23.0;High;Poor;Excellent;Solid game, but the gameplay is amazing.;Online;2
Rocket League;29.9;Adults;50.19;PlayStation;Yes;Rockstar Games;Innersloth;2019;Adventure;No;22.2;Low;Poor;Poor;Solid game, but the graphics could be better.;Offline;4
Kingdom Hearts III;26.4;Teens;21.83;PlayStation;Yes;CD Projekt Red;Take-Two Interactive;2018;Action;No;57.5;Medium;Average;Average;Great game, but the graphics could be better.;Online;1
Cuphead;28.3;All Ages;40.43;PlayStation;No;EA Sports;Epic Games;2012;Sports;No;32.7;Medium;Excellent;Poor;Solid game, but the gameplay is amazing.;Offline;7
Hitman 3;30.8;All Ages;31.07;PlayStation;Yes;Capcom;Electronic Arts;2013;Puzzle;No;56.1;Ultra;Excellent;Good;Great game, but the gameplay is amazing.;Online;8
The Witcher 3: Wild Hunt;27.2;All Ages;39.65;PlayStation;Yes;Innersloth;Epic Games;2013;Fighting;No;29.0;High;Excellent;Poor;Amazing game, but the gameplay is amazing.;Online;6
The Legend of Zelda: Breath of the Wild;32.1;Teens;56.06;PlayStation;Yes;Rockstar Games;Activision;2010;Simulation;No;16.6;Low;Average;Poor;Amazing game, but too many bugs.;Online;6
Stardew Valley;31.4;Kids;27.88;PlayStation;Yes;Bungie;Epic Games;2018;Strategy;No;52.3;High;Excellent;Poor;Solid game, but the graphics could be better.;Offline;3
Tetris;33.6;Teens;50.59;PlayStation;No;Innersloth;Square Enix;2014;Fighting;No;33.3;Medium;Average;Poor;Solid game, but the gameplay is amazing.;Online;8
Among Us;18.2;Adults;21.5;PlayStation;No;Bungie;Capcom;2020;Fighting;No;24.0;Medium;Poor;Average;Solid game, but the gameplay is amazing.;Online;6
Call of Duty: Modern Warfare 2;38.8;Kids;54.74;PlayStation;No;Rockstar Games;Capcom;2020;Shooter;Yes;38.3;Low;Poor;Excellent;Solid game, but the graphics could be better.;Online;2
Hitman 3;27.6;Kids;22.16;PlayStation;No;Rockstar Games;Valve;2014;Fighting;Yes;50.3;Low;Poor;Good;Disappointing game, but too many bugs.;Offline;2
Hades;29.1;Kids;51.42;PlayStation;No;Bungie;Epic Games;2020;RPG;No;18.0;Medium;Excellent;Good;Great game, but the gameplay is amazing.;Online;6
Counter-Strike: Global Offensive;30.2;All Ages;27.8;PlayStation;No;Epic Games;Take-Two Interactive;2011;Simulation;Yes;58.6;High;Good;Poor;Great game, but too many bugs.;Online;3
Street Fighter V;30.7;Kids;33.87;PlayStation;No;Game Freak;Nintendo;2016;Adventure;Yes;40.9;High;Average;Poor;Disappointing game, but too many bugs.;Online;8
FIFA 24;30.1;All Ages;36.01;PlayStation;Yes;CD Projekt Red;Innersloth;2011;Fighting;No;42.1;Medium;Good;Good;Solid game, but the graphics could be better.;Offline;4
Super Mario Odyssey;36.1;Adults;38.58;PlayStation;Yes;Rockstar Games;Activision;2018;Party;Yes;56.4;Ultra;Excellent;Average;Disappointing game, but too many bugs.;Offline;10
Stardew Valley;19.9;Teens;23.21;PlayStation;Yes;Bungie;Innersloth;2014;Adventure;No;28.2;Medium;Poor;Poor;Great game, but the gameplay is amazing.;Offline;2
Call of Duty: Modern Warfare 2;19.8;Adults;20.29;PlayStation;No;CD Projekt Red;Activision;2017;Shooter;No;29.0;Medium;Excellent;Poor;Amazing game, but the gameplay is amazing.;Offline;6
Super Smash Bros. Ultimate;27.5;Teens;47.51;PlayStation;Yes;Bungie;Capcom;2015;Adventure;Yes;8.6;High;Good;Excellent;Disappointing game, but the graphics could be better.;Offline;5
Ghost of Tsushima;29.4;Teens;51.4;PlayStation;Yes;Game Freak;Square Enix;2023;Puzzle;No;14.6;Ultra;Poor;Poor;Solid game, but the gameplay is amazing.;Offline;1
Overwatch 2;29.4;Adults;38.6;PlayStation;Yes;EA Sports;Activision;2019;RPG;No;38.9;Medium;Poor;Good;Disappointing game, but too many bugs.;Online;6
Kingdom Hearts III;32.3;All Ages;45.81;PlayStation;No;Rockstar Games;Capcom;2016;Simulation;No;28.7;Low;Excellent;Excellent;Solid game, but the gameplay is amazing.;Online;7
The Witcher 3: Wild Hunt;35.8;All Ages;53.2;PlayStation;Yes;Epic Games;Activision;2013;Shooter;No;29.4;Ultra;Average;Average;Amazing game, but the graphics could be better.;Online;5
Cuphead;43.7;Adults;53.04;PlayStation;No;Epic Games;Innersloth;2018;Simulation;Yes;52.2;Ultra;Average;Poor;Amazing game, but too many bugs.;Offline;2
Tetris;40.3;All Ages;53.12;PlayStation;Yes;Capcom;Square Enix;2010;Shooter;No;48.6;Medium;Excellent;Poor;Solid game, but the graphics could be better.;Offline;3
The Witcher 3: Wild Hunt;25.6;All Ages;28.94;PlayStation;Yes;CD Projekt Red;Capcom;2019;Shooter;No;39.0;Ultra;Good;Poor;Great game, but too many bugs.;Offline;8
1000-Piece Puzzle;21.2;Kids;32.15;PlayStation;Yes;Capcom;Activision;2018;Shooter;No;21.5;Medium;Average;Good;Great game, but the gameplay is amazing.;Online;1
Portal 2;18.5;Teens;29.84;PlayStation;No;Bungie;Nintendo;2012;Sports;Yes;6.9;Low;Poor;Poor;Disappointing game, but the gameplay is amazing.;Offline;8
Halo Infinite;36.3;All Ages;55.35;PlayStation;Yes;Innersloth;Take-Two Interactive;2019;Puzzle;No;27.8;High;Good;Good;Solid game, but too many bugs.;Offline;6
Tomb Raider (2013);33.0;All Ages;28.85;PlayStation;Yes;EA Sports;Valve;2013;Fighting;Yes;59.3;High;Poor;Good;Amazing game, but too many bugs.;Online;1
Minecraft;32.8;Kids;52.78;PlayStation;Yes;Epic Games;Square Enix;2014;Simulation;No;22.7;Low;Poor;Excellent;Great game, but too many bugs.;Offline;4
Pillars of Eternity II: Deadfire;38.2;Kids;46.21;PlayStation;Yes;Valve;Innersloth;2017;Action;No;45.3;Medium;Excellent;Good;Disappointing game, but the gameplay is amazing.;Online;4
Animal Crossing: New Horizons;28.7;Teens;42.74;PlayStation;No;Valve;Square Enix;2010;RPG;Yes;24.5;Low;Good;Average;Disappointing game, but too many bugs.;Offline;5
The Legend of Zelda: Breath of the Wild;14.3;All Ages;25.63;PlayStation;Yes;Nintendo;Valve;2012;Party;No;10.4;Ultra;Average;Poor;Amazing game, but the gameplay is amazing.;Online;1
Super Smash Bros. Ultimate;38.0;All Ages;55.38;PlayStation;Yes;Innersloth;Epic Games;2011;Sports;No;30.1;Medium;Good;Average;Disappointing game, but too many bugs.;Offline;10
Among Us;19.6;Adults;31.19;PlayStation;No;Rockstar Games;Epic Games;2011;Adventure;No;13.3;High;Good;Average;Great game, but the gameplay is amazing.;Offline;6
Red Dead Redemption 2;20.4;Adults;29.08;PlayStation;No;Valve;Electronic Arts;2017;Puzzle;Yes;13.5;Ultra;Average;Good;Disappointing game, but the gameplay is amazing.;Online;7
Hades;38.5;Kids;54.7;PlayStation;Yes;CD Projekt Red;Valve;2013;RPG;Yes;35.3;Medium;Excellent;Good;Great game, but too many bugs.;Online;7
Tomb Raider (2013);44.9;All Ages;55.13;PlayStation;No;Game Freak;Valve;2022;Strategy;No;51.2;High;Average;Excellent;Great game, but too many bugs.;Online;3
Grand Theft Auto V;23.1;All Ages;25.9;PlayStation;Yes;Capcom;Valve;2011;Strategy;No;27.9;Low;Good;Average;Disappointing game, but the graphics could be better.;Online;10
The Sims 4;16.2;Teens;23.9;PlayStation;No;Epic Games;Epic Games;2012;Adventure;Yes;10.8;Low;Excellent;Excellent;Disappointing game, but too many bugs.;Offline;1
The Elder Scrolls V: Skyrim;33.9;Kids;59.58;PlayStation;No;Bungie;Innersloth;2017;Action;No;9.3;Medium;Excellent;Poor;Great game, but the graphics could be better.;Online;6
The Legend of Zelda: Breath of the Wild;15.2;Kids;23.83;PlayStation;No;Game Freak;Capcom;2017;Shooter;No;9.4;Medium;Poor;Poor;Great game, but the graphics could be better.;Offline;3
League of Legends;38.6;All Ages;56.34;PlayStation;No;Game Freak;Epic Games;2011;RPG;No;29.4;High;Poor;Good;Solid game, but too many bugs.;Online;3
Overwatch 2;22.7;Adults;43.51;PlayStation;Yes;EA Sports;Nintendo;2017;Adventure;Yes;8.9;Ultra;Excellent;Excellent;Solid game, but the gameplay is amazing.;Offline;2
Sid Meier’s Civilization VI;33.5;Kids;43.48;PlayStation;No;Innersloth;Activision;2016;Puzzle;No;44.0;Medium;Poor;Good;Solid game, but the gameplay is amazing.;Online;5
Stardew Valley;31.0;All Ages;31.03;PlayStation;No;Epic Games;Epic Games;2016;Action;Yes;50.3;Ultra;Good;Good;Disappointing game, but the gameplay is amazing.;Online;8
The Sims 4;29.3;Teens;26.91;PlayStation;No;Innersloth;Nintendo;2013;Strategy;Yes;50.3;Low;Poor;Excellent;Solid game, but too many bugs.;Online;3
Stardew Valley;13.5;Teens;20.9;PlayStation;Yes;EA Sports;Valve;2021;Adventure;No;11.9;Medium;Average;Good;Disappointing game, but the graphics could be better.;Online;3
Kingdom Hearts III;32.9;Teens;31.32;PlayStation;No;Capcom;Valve;2014;Adventure;No;52.6;Low;Good;Excellent;Solid game, but the graphics could be better.;Online;5
Super Smash Bros. Ultimate;27.8;Kids;37.81;PlayStation;Yes;CD Projekt Red;Take-Two Interactive;2021;Party;No;35.7;High;Poor;Good;Disappointing game, but the graphics could be better.;Offline;7
Spelunky 2;31.9;Kids;25.1;PlayStation;No;Innersloth;Activision;2022;Action;No;59.6;Low;Good;Good;Great game, but the gameplay is amazing.;Online;8
Pokémon Scarlet & Violet;39.8;Teens;45.23;PlayStation;No;Game Freak;Epic Games;2015;Adventure;No;56.9;Low;Average;Excellent;Amazing game, but the gameplay is amazing.;Offline;8
Bioshock Infinite;28.1;Adults;27.74;PlayStation;No;Nintendo;Valve;2011;Action;Yes;51.6;Medium;Average;Good;Disappointing game, but the gameplay is amazing.;Online;4
FIFA 24;29.0;All Ages;52.19;PlayStation;No;Game Freak;Epic Games;2015;Strategy;No;8.8;High;Excellent;Average;Solid game, but the gameplay is amazing.;Online;10
Hitman 3;17.8;All Ages;20.01;PlayStation;No;Valve;Epic Games;2023;Party;Yes;27.9;Medium;Poor;Average;Disappointing game, but too many bugs.;Online;3
Fall Guys;38.8;Adults;50.98;PlayStation;Yes;Bungie;Innersloth;2019;Party;Yes;44.3;Low;Poor;Good;Great game, but the graphics could be better.;Offline;10
Overwatch 2;26.5;Adults;44.87;PlayStation;Yes;Innersloth;Valve;2020;Action;No;16.7;Ultra;Good;Good;Disappointing game, but the graphics could be better.;Online;2
FIFA 24;20.2;Teens;26.72;PlayStation;Yes;Valve;Activision;2021;Puzzle;Yes;24.4;Ultra;Good;Poor;Great game, but the graphics could be better.;Offline;2
Tomb Raider (2013);13.0;Adults;26.4;PlayStation;No;Epic Games;Capcom;2012;RPG;No;5.5;Low;Poor;Average;Amazing game, but the gameplay is amazing.;Online;2
Kingdom Hearts III;16.9;Teens;32.36;PlayStation;Yes;Bungie;Square Enix;2015;Adventure;No;7.1;Ultra;Average;Average;Disappointing game, but the graphics could be better.;Offline;6
The Elder Scrolls V: Skyrim;33.6;Kids;49.41;PlayStation;Yes;Nintendo;Take-Two Interactive;2021;Simulation;No;25.0;Medium;Good;Average;Solid game, but too many bugs.;Offline;8
Minecraft;35.7;All Ages;44.89;PlayStation;Yes;Rockstar Games;Nintendo;2020;Fighting;No;44.6;Medium;Poor;Poor;Disappointing game, but too many bugs.;Offline;3
Halo Infinite;25.7;All Ages;46.94;PlayStation;No;Game Freak;Valve;2012;Fighting;No;11.0;Low;Good;Poor;Amazing game, but too many bugs.;Offline;6
Super Smash Bros. Ultimate;47.6;Kids;59.65;PlayStation;No;Bungie;Square Enix;2011;Strategy;No;57.9;Low;Good;Average;Solid game, but the graphics could be better.;Online;4
Mario Kart 8 Deluxe;25.6;All Ages;20.8;PlayStation;Yes;Capcom;Take-Two Interactive;2022;Adventure;No;45.6;Low;Good;Good;Disappointing game, but too many bugs.;Online;4
Ghost of Tsushima;33.4;Adults;49.12;PlayStation;No;Epic Games;Electronic Arts;2022;Adventure;Yes;29.7;Ultra;Average;Good;Amazing game, but too many bugs.;Online;5
1000-Piece Puzzle;20.4;Teens;21.76;PlayStation;Yes;Innersloth;Capcom;2018;Strategy;No;37.8;Low;Poor;Excellent;Disappointing game, but too many bugs.;Online;3
Super Smash Bros. Ultimate;22.9;Teens;31.13;PlayStation;No;Game Freak;Epic Games;2013;Party;Yes;18.0;Medium;Poor;Poor;Amazing game, but too many bugs.;Offline;1
The Elder Scrolls V: Skyrim;43.3;Kids;55.41;PlayStation;No;Game Freak;Epic Games;2016;RPG;No;56.6;Low;Average;Excellent;Disappointing game, but the graphics could be better.;Offline;5
Pokémon Scarlet & Violet;42.4;Teens;53.09;PlayStation;Yes;Game Freak;Nintendo;2015;RPG;No;48.0;Ultra;Average;Good;Great game, but the graphics could be better.;Offline;4
Rocket League;36.0;Adults;41.62;PlayStation;Yes;Nintendo;Activision;2016;Strategy;No;45.8;Ultra;Good;Excellent;Amazing game, but too many bugs.;Online;5
Hades;33.4;Adults;53.82;PlayStation;Yes;CD Projekt Red;Take-Two Interactive;2023;Sports;Yes;15.7;Medium;Good;Excellent;Disappointing game, but the graphics could be better.;Offline;5
Mario Kart 8 Deluxe;22.4;Adults;36.54;PlayStation;No;Rockstar Games;Electronic Arts;2011;Sports;No;20.4;High;Excellent;Poor;Great game, but the graphics could be better.;Offline;5
The Legend of Zelda: Breath of the Wild;39.6;Teens;59.4;PlayStation;Yes;Innersloth;Nintendo;2022;RPG;Yes;33.8;Ultra;Poor;Good;Amazing game, but the graphics could be better.;Offline;3
Half-Life: Alyx;31.2;All Ages;44.07;PlayStation;No;Epic Games;Nintendo;2022;Action;Yes;28.6;Medium;Average;Average;Disappointing game, but the gameplay is amazing.;Offline;5
1000-Piece Puzzle;27.2;Teens;41.49;PlayStation;Yes;CD Projekt Red;Take-Two Interactive;2022;Simulation;No;27.7;Medium;Good;Poor;Amazing game, but too many bugs.;Online;3
Hitman 3;25.6;Adults;22.24;PlayStation;Yes;Innersloth;Activision;2019;Strategy;No;43.7;Ultra;Poor;Excellent;Amazing game, but the graphics could be better.;Offline;5
Grand Theft Auto V;20.8;Adults;30.14;PlayStation;Yes;Valve;Nintendo;2019;Sports;Yes;16.3;Medium;Average;Good;Solid game, but too many bugs.;Offline;8
The Elder Scrolls V: Skyrim;39.9;Adults;52.17;PlayStation;Yes;CD Projekt Red;Nintendo;2015;Puzzle;Yes;47.6;High;Good;Excellent;Solid game, but too many bugs.;Online;8
Bioshock Infinite;27.3;Adults;36.47;PlayStation;No;Innersloth;Valve;2014;Simulation;No;33.8;Low;Excellent;Good;Great game, but the gameplay is amazing.;Offline;5
Pokémon Scarlet & Violet;27.1;Kids;26.31;PlayStation;No;Innersloth;Take-Two Interactive;2013;Fighting;Yes;41.4;Ultra;Poor;Good;Great game, but too many bugs.;Offline;6
Kingdom Hearts III;33.0;Kids;41.28;PlayStation;Yes;EA Sports;Innersloth;2019;Strategy;Yes;41.0;Medium;Excellent;Poor;Great game, but the graphics could be better.;Offline;8
Tomb Raider (2013);37.7;Kids;43.12;PlayStation;No;Bungie;Activision;2010;RPG;Yes;57.3;Ultra;Average;Average;Amazing game, but too many bugs.;Online;3
The Elder Scrolls V: Skyrim;35.5;Teens;49.59;PlayStation;No;Bungie;Nintendo;2019;Shooter;No;29.3;Low;Average;Poor;Solid game, but the graphics could be better.;Offline;8
Spelunky 2;24.8;Kids;24.31;PlayStation;Yes;Innersloth;Nintendo;2016;RPG;No;42.9;High;Poor;Average;Disappointing game, but the graphics could be better.;Online;3
Animal Crossing: New Horizons;27.5;Teens;36.9;PlayStation;No;Nintendo;Innersloth;2015;RPG;Yes;28.3;Medium;Excellent;Excellent;Disappointing game, but too many bugs.;Online;2
Super Mario Odyssey;18.4;Teens;25.06;PlayStation;No;Rockstar Games;Activision;2023;Simulation;No;22.9;Ultra;Excellent;Good;Amazing game, but too many bugs.;Online;1
Sid Meier’s Civilization VI;36.9;Adults;55.36;PlayStation;Yes;Bungie;Take-Two Interactive;2011;Shooter;Yes;28.5;Low;Poor;Average;Disappointing game, but the graphics could be better.;Online;3
Minecraft;41.9;Kids;51.29;PlayStation;Yes;EA Sports;Electronic Arts;2014;Fighting;Yes;58.8;Ultra;Excellent;Poor;Amazing game, but the graphics could be better.;Offline;6
Spelunky 2;31.6;Kids;39.27;PlayStation;No;CD Projekt Red;Activision;2011;Strategy;Yes;42.5;Medium;Poor;Excellent;Amazing game, but the gameplay is amazing.;Offline;10
Halo Infinite;29.5;All Ages;48.15;PlayStation;Yes;Game Freak;Valve;2013;Strategy;No;16.7;Ultra;Poor;Average;Amazing game, but the graphics could be better.;Online;1
Half-Life: Alyx;39.7;Adults;54.07;PlayStation;No;Nintendo;Take-Two Interactive;2021;RPG;Yes;36.4;Low;Excellent;Excellent;Great game, but too many bugs.;Online;10
1000-Piece Puzzle;20.2;All Ages;38.76;PlayStation;No;Innersloth;Epic Games;2021;RPG;Yes;8.1;Medium;Average;Poor;Amazing game, but too many bugs.;Online;8
1000-Piece Puzzle;28.2;Teens;43.2;PlayStation;No;Bungie;Electronic Arts;2017;Adventure;No;17.3;High;Average;Average;Great game, but the graphics could be better.;Online;10
Minecraft;33.8;Adults;33.95;PlayStation;Yes;Bungie;Innersloth;2020;Action;No;59.6;Medium;Poor;Excellent;Disappointing game, but too many bugs.;Online;7
Rocket League;21.9;Teens;32.46;PlayStation;No;Epic Games;Epic Games;2018;Sports;No;22.1;High;Average;Poor;Solid game, but the gameplay is amazing.;Offline;4
Super Mario Odyssey;32.6;Kids;32.68;PlayStation;Yes;Bungie;Nintendo;2022;Shooter;Yes;56.1;Medium;Good;Poor;Great game, but the graphics could be better.;Offline;2
Spelunky 2;28.3;Kids;44.26;PlayStation;Yes;Bungie;Nintendo;2011;Party;Yes;26.5;Medium;Excellent;Good;Great game, but the graphics could be better.;Online;1
Overwatch 2;40.1;All Ages;57.82;PlayStation;No;Bungie;Innersloth;2020;Shooter;No;30.7;Ultra;Good;Excellent;Amazing game, but the graphics could be better.;Offline;10
Portal 2;25.4;Teens;24.46;PlayStation;Yes;EA Sports;Capcom;2018;Simulation;Yes;49.3;High;Excellent;Poor;Amazing game, but the gameplay is amazing.;Offline;8
Halo Infinite;15.0;Teens;21.86;PlayStation;No;Nintendo;Electronic Arts;2019;Strategy;Yes;19.5;High;Good;Good;Disappointing game, but the graphics could be better.;Offline;2
Kingdom Hearts III;39.7;Teens;43.23;PlayStation;Yes;Bungie;Activision;2016;Puzzle;Yes;55.6;Low;Good;Excellent;Disappointing game, but the gameplay is amazing.;Online;5
Spelunky 2;28.1;Teens;47.76;PlayStation;Yes;CD Projekt Red;Nintendo;2012;Strategy;Yes;17.7;High;Excellent;Excellent;Great game, but too many bugs.;Offline;2
Overwatch 2;27.5;Teens;45.45;PlayStation;No;Nintendo;Nintendo;2016;Simulation;No;20.7;Low;Average;Poor;Disappointing game, but too many bugs.;Offline;5
Sid Meier’s Civilization VI;32.7;All Ages;36.1;PlayStation;No;Innersloth;Valve;2012;Simulation;No;49.7;Low;Excellent;Good;Solid game, but the graphics could be better.;Offline;7
Counter-Strike: Global Offensive;29.3;Kids;32.13;PlayStation;No;Rockstar Games;Electronic Arts;2016;Simulation;No;39.6;Low;Good;Good;Solid game, but the gameplay is amazing.;Online;7
Tetris;21.6;All Ages;20.14;PlayStation;No;Capcom;Electronic Arts;2011;Action;No;31.9;Ultra;Good;Average;Solid game, but the graphics could be better.;Online;10
Counter-Strike: Global Offensive;38.9;Kids;54.83;PlayStation;Yes;EA Sports;Capcom;2011;RPG;No;43.1;Medium;Poor;Excellent;Great game, but the graphics could be better.;Offline;3
Fortnite;24.1;Kids;37.05;PlayStation;Yes;Innersloth;Square Enix;2018;Fighting;No;21.3;Ultra;Good;Excellent;Disappointing game, but the graphics could be better.;Offline;7
Portal 2;41.1;Adults;55.37;PlayStation;No;Rockstar Games;Activision;2022;Party;Yes;40.7;High;Good;Poor;Disappointing game, but the gameplay is amazing.;Online;8
Stardew Valley;29.8;Adults;45.23;PlayStation;No;Bungie;Activision;2022;Fighting;Yes;27.6;Ultra;Good;Poor;Disappointing game, but too many bugs.;Offline;2
Portal 2;36.5;Teens;51.69;PlayStation;Yes;Valve;Epic Games;2013;Puzzle;No;41.5;Medium;Poor;Average;Solid game, but the graphics could be better.;Offline;4
Minecraft;32.3;Teens;47.78;PlayStation;No;Capcom;Electronic Arts;2018;Sports;Yes;21.6;Low;Excellent;Good;Great game, but the gameplay is amazing.;Offline;3
Among Us;40.8;Kids;50.34;PlayStation;No;Valve;Nintendo;2019;Puzzle;Yes;49.9;High;Good;Excellent;Disappointing game, but the graphics could be better.;Online;4
The Witcher 3: Wild Hunt;17.5;Teens;33.1;PlayStation;Yes;Nintendo;Valve;2020;Strategy;No;5.6;Ultra;Good;Good;Great game, but the gameplay is amazing.;Offline;1
Street Fighter V;31.8;Adults;50.22;PlayStation;No;EA Sports;Valve;2011;Shooter;No;23.2;Low;Poor;Poor;Amazing game, but the graphics could be better.;Offline;2
Minecraft;38.8;Teens;50.41;PlayStation;Yes;Innersloth;Take-Two Interactive;2014;Adventure;Yes;42.5;Medium;Poor;Poor;Disappointing game, but the graphics could be better.;Offline;2
The Elder Scrolls V: Skyrim;40.5;Kids;57.47;PlayStation;Yes;Game Freak;Valve;2019;Adventure;Yes;37.7;Ultra;Good;Good;Great game, but the gameplay is amazing.;Online;8
Hades;23.8;Kids;20.31;PlayStation;Yes;Bungie;Electronic Arts;2021;Party;No;43.3;Low;Good;Excellent;Disappointing game, but too many bugs.;Online;2
The Legend of Zelda: Breath of the Wild;26.5;All Ages;24.8;PlayStation;Yes;EA Sports;Activision;2018;Party;No;45.9;High;Excellent;Good;Solid game, but the graphics could be better.;Online;7
Call of Duty: Modern Warfare 2;21.4;Teens;28.54;PlayStation;Yes;Bungie;Activision;2013;Action;No;27.4;Medium;Good;Excellent;Solid game, but too many bugs.;Online;5
Tekken 7;41.2;All Ages;50.29;PlayStation;Yes;Game Freak;Innersloth;2010;Puzzle;Yes;47.6;Ultra;Excellent;Poor;Amazing game, but too many bugs.;Online;10
League of Legends;30.2;Adults;30.48;PlayStation;No;CD Projekt Red;Nintendo;2011;Adventure;Yes;44.5;Low;Excellent;Excellent;Amazing game, but too many bugs.;Offline;1
Animal Crossing: New Horizons;44.3;Adults;58.65;PlayStation;Yes;Capcom;Activision;2015;RPG;No;52.1;Ultra;Poor;Good;Amazing game, but the graphics could be better.;Online;1
Hitman 3;34.3;Kids;33.41;PlayStation;No;EA Sports;Capcom;2014;Shooter;No;53.4;Medium;Poor;Good;Great game, but the gameplay is amazing.;Online;6
The Legend of Zelda: Breath of the Wild;23.0;Teens;25.0;PlayStation;No;Rockstar Games;Epic Games;2013;Shooter;Yes;28.6;Low;Excellent;Excellent;Disappointing game, but too many bugs.;Online;5
Fortnite;15.8;Teens;25.28;PlayStation;Yes;EA Sports;Activision;2014;RPG;Yes;15.3;Ultra;Average;Good;Great game, but too many bugs.;Offline;10
Fortnite;25.5;Kids;25.68;PlayStation;No;Innersloth;Take-Two Interactive;2023;Fighting;Yes;44.9;Medium;Good;Excellent;Great game, but the graphics could be better.;Offline;4
Ghost of Tsushima;21.3;Kids;24.31;PlayStation;Yes;Valve;Nintendo;2010;Party;No;24.6;Ultra;Excellent;Average;Solid game, but the graphics could be better.;Online;1
Counter-Strike: Global Offensive;30.2;Kids;34.21;PlayStation;Yes;Nintendo;Valve;2020;Fighting;No;48.8;Low;Poor;Good;Amazing game, but too many bugs.;Online;8
The Elder Scrolls V: Skyrim;39.1;Teens;51.6;PlayStation;Yes;Innersloth;Innersloth;2018;Party;Yes;43.9;Low;Average;Poor;Amazing game, but the graphics could be better.;Offline;3
1000-Piece Puzzle;26.4;Adults;29.82;PlayStation;No;Game Freak;Capcom;2019;Fighting;No;39.2;Ultra;Poor;Good;Great game, but too many bugs.;Online;10
Ghost of Tsushima;23.0;Teens;22.21;PlayStation;Yes;Game Freak;Epic Games;2013;Sports;Yes;36.0;Ultra;Poor;Excellent;Disappointing game, but too many bugs.;Online;3
Halo Infinite;24.3;All Ages;48.91;PlayStation;Yes;Rockstar Games;Nintendo;2015;RPG;Yes;6.1;Medium;Poor;Excellent;Great game, but the graphics could be better.;Offline;7
1000-Piece Puzzle;30.9;Kids;40.18;PlayStation;No;Rockstar Games;Valve;2018;Party;Yes;33.4;High;Poor;Poor;Disappointing game, but the graphics could be better.;Offline;3
Halo Infinite;28.9;Kids;44.39;PlayStation;Yes;Valve;Take-Two Interactive;2015;Fighting;No;18.5;Medium;Good;Average;Solid game, but the graphics could be better.;Online;6
1000-Piece Puzzle;32.7;Teens;44.25;PlayStation;Yes;Innersloth;Capcom;2020;RPG;Yes;33.0;Medium;Average;Average;Disappointing game, but the gameplay is amazing.;Online;7
Hitman 3;32.5;Adults;56.0;PlayStation;No;EA Sports;Square Enix;2010;Fighting;Yes;19.5;Ultra;Average;Excellent;Great game, but the gameplay is amazing.;Offline;1
Fall Guys;24.8;Adults;37.75;PlayStation;Yes;Game Freak;Nintendo;2019;Fighting;No;19.2;Ultra;Excellent;Good;Disappointing game, but too many bugs.;Online;7
Grand Theft Auto V;20.6;All Ages;39.06;PlayStation;No;Capcom;Nintendo;2011;Party;Yes;6.9;High;Poor;Excellent;Disappointing game, but the graphics could be better.;Offline;4
Fortnite;30.3;Adults;41.95;PlayStation;No;Epic Games;Valve;2011;Puzzle;Yes;31.9;High;Poor;Good;Amazing game, but the graphics could be better.;Offline;8
Call of Duty: Modern Warfare 2;30.9;All Ages;28.76;PlayStation;No;Innersloth;Capcom;2020;Adventure;No;53.0;Medium;Average;Poor;Solid game, but the gameplay is amazing.;Online;2
Grand Theft Auto V;28.3;Kids;38.13;PlayStation;Yes;Game Freak;Electronic Arts;2017;Puzzle;No;32.7;Medium;Average;Excellent;Great game, but the gameplay is amazing.;Offline;1
Cuphead;36.5;Teens;36.87;PlayStation;No;Rockstar Games;Innersloth;2013;Puzzle;No;58.9;High;Average;Good;Amazing game, but the graphics could be better.;Offline;7
FIFA 24;34.7;Kids;33.33;PlayStation;No;Valve;Take-Two Interactive;2014;Sports;No;57.6;High;Poor;Poor;Great game, but the graphics could be better.;Offline;2
The Legend of Zelda: Breath of the Wild;42.4;All Ages;50.69;PlayStation;Yes;Bungie;Electronic Arts;2018;Party;Yes;54.9;Ultra;Poor;Excellent;Disappointing game, but the gameplay is amazing.;Online;7
Among Us;20.6;All Ages;24.7;PlayStation;Yes;Bungie;Square Enix;2021;RPG;No;29.7;Low;Good;Excellent;Great game, but the gameplay is amazing.;Online;7
Fall Guys;32.8;Kids;47.81;PlayStation;No;Bungie;Innersloth;2013;Adventure;No;29.9;Low;Excellent;Good;Great game, but the graphics could be better.;Online;3
Super Mario Odyssey;31.7;Teens;35.33;PlayStation;No;Game Freak;Epic Games;2010;Adventure;Yes;40.8;High;Excellent;Average;Great game, but the graphics could be better.;Offline;8
Ghost of Tsushima;32.5;Kids;46.19;PlayStation;Yes;Epic Games;Valve;2020;Simulation;Yes;25.6;High;Average;Average;Amazing game, but too many bugs.;Online;3
League of Legends;26.8;All Ages;39.72;PlayStation;No;Nintendo;Activision;2017;Puzzle;Yes;16.7;Medium;Average;Good;Great game, but too many bugs.;Offline;2
Pokémon Scarlet & Violet;22.3;Teens;39.13;PlayStation;No;Epic Games;Square Enix;2019;Shooter;Yes;10.2;High;Poor;Excellent;Solid game, but the graphics could be better.;Online;7
Among Us;32.3;Kids;50.31;PlayStation;No;Capcom;Square Enix;2012;Simulation;No;22.1;Ultra;Good;Good;Disappointing game, but the graphics could be better.;Offline;10
Overwatch 2;36.8;Teens;41.13;PlayStation;No;Valve;Activision;2023;Puzzle;No;57.6;High;Excellent;Average;Amazing game, but the graphics could be better.;Online;1
Portal 2;23.8;Teens;31.28;PlayStation;No;Capcom;Epic Games;2020;Fighting;No;23.0;Ultra;Poor;Average;Disappointing game, but the gameplay is amazing.;Offline;3
Sid Meier’s Civilization VI;28.5;Teens;40.89;PlayStation;Yes;Game Freak;Epic Games;2017;Adventure;No;24.3;Low;Average;Excellent;Amazing game, but the graphics could be better.;Online;6
The Witcher 3: Wild Hunt;14.7;Teens;21.42;PlayStation;No;Bungie;Take-Two Interactive;2023;Strategy;No;12.3;Ultra;Average;Excellent;Amazing game, but too many bugs.;Offline;3
Counter-Strike: Global Offensive;35.3;Kids;59.84;PlayStation;No;Valve;Valve;2010;Strategy;No;15.6;High;Average;Average;Great game, but too many bugs.;Online;2
Cuphead;20.9;Kids;27.48;PlayStation;No;Bungie;Valve;2016;Strategy;No;24.9;High;Excellent;Good;Solid game, but too many bugs.;Offline;6
Half-Life: Alyx;33.7;Kids;45.8;PlayStation;Yes;Bungie;Electronic Arts;2020;Sports;Yes;36.2;High;Average;Poor;Great game, but the graphics could be better.;Offline;3
Grand Theft Auto V;31.7;Teens;49.51;PlayStation;Yes;Epic Games;Activision;2020;Fighting;No;29.2;Low;Poor;Good;Amazing game, but too many bugs.;Online;7
Counter-Strike: Global Offensive;34.2;Adults;41.43;PlayStation;No;Bungie;Activision;2010;RPG;No;43.4;Low;Good;Average;Amazing game, but too many bugs.;Online;4
Super Mario Odyssey;21.8;Teens;23.2;PlayStation;Yes;Rockstar Games;Epic Games;2015;Party;No;37.0;Medium;Good;Good;Amazing game, but the gameplay is amazing.;Offline;6
Among Us;22.6;All Ages;23.75;PlayStation;No;Nintendo;Take-Two Interactive;2018;Shooter;Yes;40.3;Medium;Excellent;Excellent;Disappointing game, but too many bugs.;Online;2
Minecraft;16.1;Teens;27.68;PlayStation;No;CD Projekt Red;Take-Two Interactive;2014;Shooter;Yes;10.4;High;Poor;Excellent;Great game, but the gameplay is amazing.;Online;3
Mario Kart 8 Deluxe;44.7;Adults;59.41;PlayStation;No;Game Freak;Activision;2018;Party;Yes;43.8;Ultra;Good;Poor;Disappointing game, but too many bugs.;Online;3
Super Smash Bros. Ultimate;19.4;Kids;25.84;PlayStation;Yes;Nintendo;Electronic Arts;2012;Fighting;No;15.2;Medium;Good;Average;Solid game, but the graphics could be better.;Offline;2
Minecraft;44.0;All Ages;57.08;PlayStation;No;Bungie;Take-Two Interactive;2016;Puzzle;No;55.2;High;Average;Excellent;Disappointing game, but the gameplay is amazing.;Offline;4
Spelunky 2;27.7;Kids;23.59;PlayStation;Yes;Game Freak;Electronic Arts;2018;Party;No;46.4;Ultra;Average;Excellent;Amazing game, but too many bugs.;Online;5
FIFA 24;16.5;Teens;27.92;PlayStation;No;Capcom;Square Enix;2015;Strategy;Yes;14.3;Medium;Good;Excellent;Great game, but the graphics could be better.;Offline;5
Super Mario Odyssey;30.9;All Ages;52.13;PlayStation;No;Bungie;Electronic Arts;2013;Sports;Yes;22.7;Ultra;Good;Poor;Solid game, but too many bugs.;Online;7
FIFA 24;30.7;All Ages;26.82;PlayStation;No;Game Freak;Nintendo;2022;Action;Yes;52.9;High;Good;Poor;Solid game, but too many bugs.;Online;3
Portal 2;30.9;Kids;51.52;PlayStation;Yes;EA Sports;Innersloth;2023;Action;Yes;12.2;Ultra;Poor;Poor;Amazing game, but the graphics could be better.;Offline;10
Ghost of Tsushima;24.2;All Ages;24.32;PlayStation;No;Valve;Take-Two Interactive;2019;Puzzle;No;42.4;Medium;Poor;Poor;Great game, but the gameplay is amazing.;Online;3
Fortnite;30.0;All Ages;40.24;PlayStation;No;Capcom;Take-Two Interactive;2014;Strategy;No;35.3;High;Average;Good;Great game, but the gameplay is amazing.;Online;5
Fortnite;42.0;Teens;52.84;PlayStation;Yes;Valve;Innersloth;2021;Simulation;Yes;52.0;Ultra;Average;Good;Great game, but too many bugs.;Offline;2
Call of Duty: Modern Warfare 2;38.1;Adults;43.08;PlayStation;Yes;Epic Games;Capcom;2022;Shooter;Yes;59.1;Ultra;Excellent;Poor;Amazing game, but the graphics could be better.;Offline;8
The Legend of Zelda: Breath of the Wild;36.1;All Ages;48.34;PlayStation;Yes;Innersloth;Activision;2016;Party;No;37.1;High;Poor;Good;Great game, but too many bugs.;Online;5
FIFA 24;18.7;Teens;31.44;PlayStation;No;EA Sports;Activision;2012;Action;No;8.1;Medium;Average;Poor;Disappointing game, but the graphics could be better.;Online;7
Among Us;21.9;Kids;32.99;PlayStation;Yes;Rockstar Games;Valve;2022;RPG;Yes;23.0;High;Excellent;Average;Disappointing game, but the gameplay is amazing.;Offline;4
The Sims 4;37.9;Teens;45.1;PlayStation;No;Valve;Capcom;2018;Adventure;Yes;55.2;Medium;Excellent;Poor;Great game, but too many bugs.;Offline;10
Spelunky 2;22.0;Kids;32.53;PlayStation;Yes;Innersloth;Square Enix;2014;Adventure;Yes;21.1;High;Average;Excellent;Disappointing game, but the graphics could be better.;Online;7
1000-Piece Puzzle;33.6;Adults;51.61;PlayStation;No;Valve;Square Enix;2022;Party;Yes;27.2;High;Good;Excellent;Great game, but the gameplay is amazing.;Offline;8
Bioshock Infinite;36.9;All Ages;51.27;PlayStation;No;Nintendo;Electronic Arts;2018;Sports;No;39.0;Low;Good;Average;Disappointing game, but the gameplay is amazing.;Offline;5
Counter-Strike: Global Offensive;37.1;All Ages;43.13;PlayStation;No;Bungie;Capcom;2019;Simulation;No;49.3;Medium;Excellent;Poor;Amazing game, but too many bugs.;Offline;3
Hitman 3;37.4;Adults;43.51;PlayStation;No;Rockstar Games;Epic Games;2020;Puzzle;No;55.9;High;Good;Excellent;Amazing game, but the gameplay is amazing.;Offline;2
Among Us;27.5;All Ages;22.21;PlayStation;Yes;Nintendo;Innersloth;2013;Simulation;No;58.8;High;Average;Poor;Amazing game, but the graphics could be better.;Online;7
1000-Piece Puzzle;40.4;Adults;49.55;PlayStation;Yes;Rockstar Games;Capcom;2020;Action;No;53.2;Low;Excellent;Poor;Disappointing game, but the gameplay is amazing.;Offline;3
Animal Crossing: New Horizons;25.8;Kids;46.69;PlayStation;Yes;Epic Games;Innersloth;2013;Puzzle;Yes;7.7;Low;Average;Poor;Disappointing game, but the graphics could be better.;Online;5
Hitman 3;35.6;Kids;38.22;PlayStation;No;CD Projekt Red;Innersloth;2017;Shooter;Yes;58.4;Medium;Excellent;Excellent;Amazing game, but the gameplay is amazing.;Online;1
Cuphead;28.0;Adults;40.02;PlayStation;No;Valve;Innersloth;2020;Fighting;No;22.6;Low;Good;Poor;Great game, but the graphics could be better.;Online;4
Animal Crossing: New Horizons;40.6;All Ages;57.0;PlayStation;No;Capcom;Nintendo;2016;RPG;No;36.0;Ultra;Average;Poor;Disappointing game, but the gameplay is amazing.;Offline;8
Spelunky 2;26.0;Teens;27.93;PlayStation;Yes;CD Projekt Red;Capcom;2011;Sports;Yes;43.0;Low;Good;Excellent;Amazing game, but the graphics could be better.;Online;8
Street Fighter V;26.3;Teens;37.34;PlayStation;No;Valve;Electronic Arts;2016;Puzzle;No;30.2;Medium;Poor;Good;Disappointing game, but the graphics could be better.;Online;1
Mario Kart 8 Deluxe;37.5;Teens;52.71;PlayStation;Yes;CD Projekt Red;Valve;2014;Adventure;Yes;37.2;High;Average;Good;Amazing game, but too many bugs.;Online;8
Sid Meier’s Civilization VI;29.7;All Ages;36.26;PlayStation;No;Rockstar Games;Innersloth;2020;Puzzle;Yes;36.2;Ultra;Poor;Excellent;Solid game, but too many bugs.;Offline;5
Stardew Valley;30.0;All Ages;47.75;PlayStation;Yes;CD Projekt Red;Nintendo;2010;Strategy;No;21.1;Medium;Excellent;Excellent;Solid game, but the graphics could be better.;Offline;10
The Elder Scrolls V: Skyrim;34.2;Adults;39.13;PlayStation;Yes;Epic Games;Square Enix;2023;Action;Yes;46.4;Ultra;Average;Average;Great game, but the gameplay is amazing.;Online;5
Cuphead;21.4;Adults;22.3;PlayStation;No;Nintendo;Innersloth;2017;Party;No;33.4;Low;Excellent;Average;Great game, but the graphics could be better.;Offline;10
FIFA 24;35.5;Adults;53.5;PlayStation;Yes;Capcom;Square Enix;2020;Puzzle;No;35.4;Medium;Poor;Good;Great game, but the gameplay is amazing.;Online;7
Overwatch 2;27.4;Teens;31.12;PlayStation;No;Game Freak;Epic Games;2012;RPG;Yes;43.6;Ultra;Excellent;Average;Disappointing game, but the graphics could be better.;Online;4
Counter-Strike: Global Offensive;44.5;Kids;57.66;PlayStation;Yes;Nintendo;Electronic Arts;2018;Fighting;No;47.1;Medium;Good;Poor;Amazing game, but too many bugs.;Offline;1
Call of Duty: Modern Warfare 2;38.5;All Ages;50.92;PlayStation;Yes;CD Projekt Red;Activision;2019;Puzzle;Yes;47.4;Ultra;Excellent;Average;Amazing game, but too many bugs.;Online;10
Stardew Valley;33.6;Adults;47.26;PlayStation;No;Epic Games;Nintendo;2017;Action;Yes;34.4;Medium;Poor;Excellent;Great game, but the gameplay is amazing.;Offline;3
Rocket League;37.9;All Ages;54.63;PlayStation;No;Capcom;Activision;2014;Adventure;Yes;40.5;High;Poor;Average;Amazing game, but too many bugs.;Offline;3
FIFA 24;32.2;All Ages;58.42;PlayStation;No;Nintendo;Epic Games;2023;Puzzle;Yes;12.8;Low;Good;Excellent;Disappointing game, but the gameplay is amazing.;Offline;8
Minecraft;30.8;Teens;51.95;PlayStation;No;Capcom;Electronic Arts;2021;Party;No;11.4;High;Average;Good;Great game, but the gameplay is amazing.;Offline;3
The Elder Scrolls V: Skyrim;16.1;All Ages;23.6;PlayStation;Yes;Innersloth;Nintendo;2011;Adventure;Yes;10.0;High;Good;Poor;Disappointing game, but the graphics could be better.;Offline;3
FIFA 24;31.9;Kids;45.89;PlayStation;Yes;Epic Games;Take-Two Interactive;2013;Action;Yes;35.4;Ultra;Poor;Poor;Amazing game, but the graphics could be better.;Online;3
Tetris;26.0;Kids;23.29;PlayStation;No;Nintendo;Take-Two Interactive;2019;Shooter;Yes;50.0;Ultra;Poor;Good;Solid game, but the gameplay is amazing.;Online;4
Cuphead;39.8;Kids;51.24;PlayStation;No;Rockstar Games;Capcom;2020;Strategy;No;50.4;Ultra;Excellent;Average;Great game, but the gameplay is amazing.;Offline;8
Grand Theft Auto V;18.0;Adults;20.1;PlayStation;No;Valve;Nintendo;2019;Fighting;No;32.1;Ultra;Poor;Poor;Great game, but too many bugs.;Online;3
Spelunky 2;26.2;Kids;35.42;PlayStation;No;EA Sports;Valve;2014;Strategy;No;22.6;Ultra;Poor;Poor;Amazing game, but too many bugs.;Online;10
Call of Duty: Modern Warfare 2;42.0;Kids;52.95;PlayStation;Yes;CD Projekt Red;Square Enix;2022;Sports;Yes;47.6;Low;Poor;Good;Great game, but the gameplay is amazing.;Online;1
Overwatch 2;33.9;Kids;55.83;PlayStation;Yes;EA Sports;Capcom;2013;RPG;No;17.3;High;Average;Excellent;Solid game, but the graphics could be better.;Offline;4
Mario Kart 8 Deluxe;15.8;Teens;20.38;PlayStation;No;EA Sports;Nintendo;2021;Puzzle;Yes;15.8;High;Excellent;Poor;Disappointing game, but too many bugs.;Online;5
Pokémon Scarlet & Violet;33.9;Teens;59.58;PlayStation;Yes;Capcom;Innersloth;2014;Party;No;10.6;High;Excellent;Excellent;Solid game, but the gameplay is amazing.;Offline;3
The Witcher 3: Wild Hunt;36.3;Kids;41.61;PlayStation;Yes;EA Sports;Epic Games;2018;Simulation;No;49.2;High;Poor;Excellent;Great game, but the graphics could be better.;Offline;7
Ghost of Tsushima;23.7;Teens;43.3;PlayStation;Yes;Valve;Nintendo;2012;Simulation;No;9.2;High;Average;Good;Disappointing game, but the gameplay is amazing.;Offline;1
Mario Kart 8 Deluxe;24.0;Adults;29.14;PlayStation;No;Capcom;Capcom;2017;Action;No;27.4;Medium;Good;Average;Amazing game, but too many bugs.;Offline;1
The Elder Scrolls V: Skyrim;37.4;All Ages;45.99;PlayStation;No;Capcom;Epic Games;2022;Simulation;Yes;50.8;Ultra;Good;Average;Disappointing game, but the gameplay is amazing.;Online;7
Mario Kart 8 Deluxe;22.7;Teens;20.28;PlayStation;Yes;Rockstar Games;Valve;2023;Strategy;No;46.2;Low;Excellent;Average;Great game, but the graphics could be better.;Online;6
Hitman 3;21.0;Adults;40.26;PlayStation;Yes;Rockstar Games;Valve;2015;Fighting;Yes;5.3;Low;Poor;Poor;Great game, but too many bugs.;Offline;4
Minecraft;33.1;Teens;48.17;PlayStation;No;Rockstar Games;Square Enix;2020;Party;No;26.9;Low;Average;Good;Great game, but the gameplay is amazing.;Offline;6
League of Legends;14.4;Teens;23.9;PlayStation;No;Epic Games;Innersloth;2013;Party;Yes;12.2;High;Good;Poor;Disappointing game, but the gameplay is amazing.;Offline;7
Cuphead;38.2;Adults;48.2;PlayStation;Yes;Bungie;Valve;2012;Simulation;No;50.8;Low;Average;Poor;Disappointing game, but the graphics could be better.;Offline;3
Halo Infinite;25.0;Adults;33.8;PlayStation;No;Game Freak;Capcom;2013;Adventure;No;27.8;Medium;Poor;Average;Solid game, but too many bugs.;Online;7
FIFA 24;18.9;Teens;21.01;PlayStation;Yes;Bungie;Valve;2015;RPG;No;30.2;Low;Good;Average;Solid game, but too many bugs.;Offline;6
Fall Guys;32.7;All Ages;54.5;PlayStation;No;Epic Games;Epic Games;2014;Sports;Yes;23.9;High;Good;Good;Disappointing game, but too many bugs.;Offline;1
Counter-Strike: Global Offensive;22.8;Adults;28.35;PlayStation;No;Game Freak;Activision;2016;Simulation;No;32.7;High;Good;Excellent;Great game, but too many bugs.;Online;6
Overwatch 2;35.1;All Ages;38.17;PlayStation;Yes;EA Sports;Valve;2014;Party;Yes;55.8;Low;Good;Excellent;Amazing game, but the gameplay is amazing.;Online;3
Spelunky 2;31.7;Kids;37.62;PlayStation;No;Valve;Square Enix;2020;Adventure;No;44.9;Low;Good;Average;Disappointing game, but too many bugs.;Offline;5
Pokémon Scarlet & Violet;21.8;All Ages;20.69;PlayStation;No;Bungie;Capcom;2014;Action;Yes;33.8;Ultra;Poor;Excellent;Amazing game, but the gameplay is amazing.;Offline;7
Fall Guys;31.3;Adults;38.86;PlayStation;No;CD Projekt Red;Capcom;2011;Puzzle;Yes;38.9;High;Average;Good;Great game, but too many bugs.;Online;2
Among Us;14.3;Kids;21.59;PlayStation;No;Innersloth;Activision;2018;Simulation;Yes;5.3;High;Poor;Good;Disappointing game, but the graphics could be better.;Offline;2
Hades;19.7;Kids;36.56;PlayStation;Yes;Rockstar Games;Nintendo;2022;Fighting;No;8.9;Medium;Good;Average;Solid game, but the gameplay is amazing.;Online;6
Street Fighter V;25.0;All Ages;43.97;PlayStation;No;Nintendo;Valve;2017;Adventure;Yes;9.4;Ultra;Excellent;Good;Amazing game, but the graphics could be better.;Offline;6
Super Smash Bros. Ultimate;38.4;Adults;58.37;PlayStation;Yes;Bungie;Square Enix;2010;RPG;No;31.0;Low;Good;Average;Disappointing game, but the graphics could be better.;Offline;1
Bioshock Infinite;44.2;Kids;59.73;PlayStation;No;Rockstar Games;Activision;2023;Puzzle;No;48.3;High;Average;Good;Disappointing game, but too many bugs.;Offline;5
Half-Life: Alyx;31.3;Adults;33.85;PlayStation;Yes;Innersloth;Nintendo;2022;Party;No;51.4;Medium;Average;Good;Great game, but the gameplay is amazing.;Offline;4
Pokémon Scarlet & Violet;23.7;All Ages;30.45;PlayStation;Yes;Epic Games;Square Enix;2021;Adventure;No;27.9;Low;Excellent;Excellent;Great game, but the graphics could be better.;Offline;8
Street Fighter V;29.2;Teens;40.45;PlayStation;No;EA Sports;Electronic Arts;2013;Party;Yes;27.0;Medium;Average;Poor;Amazing game, but the graphics could be better.;Offline;10
The Witcher 3: Wild Hunt;23.8;Adults;37.25;PlayStation;No;Bungie;Square Enix;2018;Action;Yes;14.6;Ultra;Poor;Excellent;Disappointing game, but the gameplay is amazing.;Online;4
Grand Theft Auto V;39.2;Adults;56.4;PlayStation;No;Rockstar Games;Innersloth;2018;Shooter;Yes;40.2;High;Poor;Excellent;Amazing game, but too many bugs.;Offline;4
Half-Life: Alyx;28.6;All Ages;57.05;PlayStation;No;Valve;Innersloth;2019;Puzzle;Yes;6.4;Ultra;Excellent;Excellent;Disappointing game, but the gameplay is amazing.;Offline;6
Tetris;43.9;All Ages;56.7;PlayStation;No;CD Projekt Red;Electronic Arts;2011;Shooter;No;49.1;Medium;Average;Poor;Solid game, but the graphics could be better.;Offline;1
Counter-Strike: Global Offensive;24.8;Kids;36.48;PlayStation;No;Capcom;Electronic Arts;2010;Sports;No;24.8;Ultra;Good;Good;Amazing game, but the graphics could be better.;Online;2
Ghost of Tsushima;20.0;All Ages;32.81;PlayStation;Yes;Bungie;Valve;2023;Fighting;No;9.3;Medium;Poor;Good;Disappointing game, but too many bugs.;Online;7
The Legend of Zelda: Breath of the Wild;31.6;Teens;56.21;PlayStation;No;Bungie;Valve;2010;Strategy;No;8.8;High;Poor;Average;Solid game, but the graphics could be better.;Offline;2
Tetris;20.8;Kids;31.4;PlayStation;No;Innersloth;Innersloth;2022;RPG;No;23.1;Ultra;Excellent;Excellent;Solid game, but the gameplay is amazing.;Online;1
Kingdom Hearts III;35.6;Teens;47.84;PlayStation;Yes;Epic Games;Epic Games;2020;RPG;No;41.6;Medium;Excellent;Poor;Amazing game, but the graphics could be better.;Offline;7
Super Mario Odyssey;33.8;Kids;56.23;PlayStation;No;Epic Games;Activision;2013;Puzzle;No;20.8;Medium;Average;Good;Disappointing game, but the gameplay is amazing.;Offline;4
The Elder Scrolls V: Skyrim;27.8;All Ages;35.0;PlayStation;No;CD Projekt Red;Innersloth;2015;Sports;No;28.5;Ultra;Poor;Excellent;Solid game, but too many bugs.;Offline;10
Overwatch 2;25.9;All Ages;26.44;PlayStation;No;Epic Games;Nintendo;2019;Party;Yes;37.4;Ultra;Poor;Good;Disappointing game, but the gameplay is amazing.;Offline;1
Animal Crossing: New Horizons;42.0;All Ages;51.81;PlayStation;No;Nintendo;Epic Games;2011;Fighting;No;50.3;Low;Excellent;Average;Great game, but the gameplay is amazing.;Online;3
Animal Crossing: New Horizons;42.7;Kids;59.71;PlayStation;No;Epic Games;Activision;2020;Action;Yes;43.4;Ultra;Good;Excellent;Amazing game, but the gameplay is amazing.;Offline;2
Grand Theft Auto V;41.3;All Ages;44.46;PlayStation;No;Game Freak;Capcom;2010;Adventure;No;58.5;High;Good;Poor;Disappointing game, but too many bugs.;Offline;4
Grand Theft Auto V;30.5;Kids;30.15;PlayStation;No;Epic Games;Activision;2020;Fighting;No;56.2;Ultra;Poor;Poor;Solid game, but too many bugs.;Offline;1
The Sims 4;19.4;Teens;27.57;PlayStation;No;Innersloth;Nintendo;2016;Simulation;Yes;20.4;Ultra;Average;Average;Solid game, but too many bugs.;Online;4
The Legend of Zelda: Breath of the Wild;39.7;Adults;55.98;PlayStation;Yes;Game Freak;Nintendo;2022;RPG;No;40.0;Low;Average;Excellent;Solid game, but the gameplay is amazing.;Offline;10
Hitman 3;31.7;Adults;44.08;PlayStation;Yes;Game Freak;Nintendo;2020;Party;No;31.7;Medium;Good;Good;Solid game, but the gameplay is amazing.;Online;4
Pillars of Eternity II: Deadfire;37.6;Adults;55.25;PlayStation;No;Valve;Capcom;2010;Fighting;No;29.4;Medium;Good;Excellent;Great game, but the gameplay is amazing.;Offline;7
Super Smash Bros. Ultimate;33.3;Kids;49.59;PlayStation;No;Valve;Take-Two Interactive;2021;Shooter;No;30.2;Medium;Excellent;Good;Disappointing game, but the gameplay is amazing.;Online;4
Street Fighter V;22.4;Adults;20.96;PlayStation;Yes;Capcom;Valve;2021;Puzzle;Yes;45.7;Low;Good;Excellent;Solid game, but the graphics could be better.;Offline;10
The Witcher 3: Wild Hunt;27.5;Teens;50.63;PlayStation;No;Bungie;Square Enix;2018;Fighting;No;13.4;High;Good;Good;Solid game, but too many bugs.;Offline;5
Among Us;26.6;Teens;21.5;PlayStation;No;CD Projekt Red;Activision;2012;Action;Yes;50.6;High;Poor;Good;Disappointing game, but the graphics could be better.;Online;6
Street Fighter V;40.7;Kids;48.68;PlayStation;No;Epic Games;Square Enix;2012;Sports;Yes;56.1;High;Poor;Good;Disappointing game, but the graphics could be better.;Online;2
Portal 2;29.8;Adults;33.72;PlayStation;Yes;EA Sports;Innersloth;2019;Sports;No;49.6;Ultra;Average;Average;Amazing game, but the graphics could be better.;Offline;8
League of Legends;21.4;Teens;36.96;PlayStation;No;Rockstar Games;Square Enix;2010;Sports;No;15.7;Medium;Good;Excellent;Great game, but too many bugs.;Online;3
Street Fighter V;17.8;All Ages;21.16;PlayStation;Yes;Nintendo;Take-Two Interactive;2020;Puzzle;No;22.4;Ultra;Good;Good;Disappointing game, but too many bugs.;Offline;4
Super Smash Bros. Ultimate;32.7;Adults;46.18;PlayStation;Yes;CD Projekt Red;Square Enix;2014;RPG;No;25.8;Low;Average;Excellent;Great game, but the graphics could be better.;Online;8
Tomb Raider (2013);33.5;Teens;51.28;PlayStation;No;Bungie;Epic Games;2017;Strategy;Yes;25.3;Medium;Excellent;Good;Great game, but the gameplay is amazing.;Online;10
Stardew Valley;45.2;Adults;59.2;PlayStation;No;Capcom;Activision;2010;Action;Yes;55.7;Medium;Average;Excellent;Amazing game, but the gameplay is amazing.;Online;2
Hitman 3;27.9;Teens;33.21;PlayStation;No;Capcom;Take-Two Interactive;2023;Party;Yes;34.5;High;Good;Excellent;Amazing game, but too many bugs.;Offline;1
Kingdom Hearts III;34.0;Adults;45.99;PlayStation;Yes;Game Freak;Innersloth;2012;Strategy;No;41.0;Low;Excellent;Excellent;Solid game, but the graphics could be better.;Offline;2
Animal Crossing: New Horizons;25.6;Kids;27.79;PlayStation;No;Epic Games;Capcom;2010;Action;Yes;44.3;Ultra;Good;Excellent;Amazing game, but too many bugs.;Offline;4
Hitman 3;26.6;Kids;31.92;PlayStation;No;Capcom;Square Enix;2010;Party;No;37.8;Ultra;Excellent;Excellent;Great game, but the gameplay is amazing.;Offline;4
Counter-Strike: Global Offensive;37.4;Kids;44.65;PlayStation;Yes;Valve;Innersloth;2021;Fighting;Yes;46.1;Ultra;Good;Poor;Solid game, but the gameplay is amazing.;Online;10
Overwatch 2;40.9;Teens;57.16;PlayStation;No;Capcom;Innersloth;2016;Strategy;Yes;35.5;High;Good;Average;Great game, but the graphics could be better.;Online;2
Animal Crossing: New Horizons;30.6;All Ages;39.81;PlayStation;Yes;CD Projekt Red;Epic Games;2021;Simulation;No;37.7;Medium;Good;Good;Amazing game, but too many bugs.;Online;4
Minecraft;26.4;Teens;47.76;PlayStation;Yes;Epic Games;Valve;2014;Action;No;11.2;Ultra;Poor;Good;Amazing game, but the gameplay is amazing.;Online;4
Tomb Raider (2013);26.0;Kids;40.61;PlayStation;No;Capcom;Innersloth;2019;RPG;Yes;22.8;Low;Excellent;Average;Great game, but the gameplay is amazing.;Offline;10
Animal Crossing: New Horizons;30.7;All Ages;46.91;PlayStation;No;Innersloth;Electronic Arts;2020;Shooter;Yes;24.1;Medium;Average;Excellent;Disappointing game, but the graphics could be better.;Offline;6
Super Mario Odyssey;40.4;Kids;46.76;PlayStation;Yes;Rockstar Games;Valve;2016;Strategy;Yes;52.6;Ultra;Excellent;Average;Amazing game, but too many bugs.;Online;4
Fall Guys;30.8;Adults;33.61;PlayStation;No;Game Freak;Take-Two Interactive;2013;Strategy;Yes;46.0;Medium;Good;Poor;Disappointing game, but the gameplay is amazing.;Online;4
Tekken 7;34.4;All Ages;36.48;PlayStation;No;Nintendo;Capcom;2014;Sports;No;54.5;Ultra;Excellent;Excellent;Amazing game, but the graphics could be better.;Online;3
The Witcher 3: Wild Hunt;33.8;Teens;48.14;PlayStation;Yes;Valve;Square Enix;2017;Sports;Yes;36.6;Ultra;Excellent;Average;Disappointing game, but the graphics could be better.;Online;3
Hades;36.3;Kids;56.83;PlayStation;No;EA Sports;Electronic Arts;2011;RPG;Yes;22.9;High;Average;Excellent;Disappointing game, but the gameplay is amazing.;Offline;4
Fall Guys;27.9;All Ages;49.91;PlayStation;No;Bungie;Nintendo;2012;Sports;Yes;5.1;Low;Good;Excellent;Disappointing game, but the graphics could be better.;Offline;7
Stardew Valley;39.6;Kids;59.86;PlayStation;Yes;Valve;Take-Two Interactive;2017;Party;Yes;36.7;Ultra;Excellent;Average;Amazing game, but too many bugs.;Offline;6
Tekken 7;33.5;Adults;46.44;PlayStation;No;Innersloth;Innersloth;2018;Action;No;31.9;Low;Poor;Excellent;Great game, but the graphics could be better.;Offline;1
Red Dead Redemption 2;20.6;Teens;35.46;PlayStation;Yes;EA Sports;Take-Two Interactive;2015;Action;Yes;7.7;Medium;Excellent;Average;Amazing game, but the gameplay is amazing.;Offline;7
Hades;21.2;Teens;28.26;PlayStation;No;CD Projekt Red;Take-Two Interactive;2022;Adventure;Yes;22.8;Ultra;Excellent;Excellent;Great game, but the gameplay is amazing.;Offline;1
Mario Kart 8 Deluxe;17.4;Teens;22.79;PlayStation;Yes;Epic Games;Nintendo;2018;Party;Yes;22.4;Ultra;Good;Poor;Solid game, but the gameplay is amazing.;Online;1
Half-Life: Alyx;28.9;Teens;52.02;PlayStation;Yes;CD Projekt Red;Square Enix;2016;Sports;No;6.1;Ultra;Average;Average;Disappointing game, but the graphics could be better.;Online;10
Hades;32.3;All Ages;36.97;PlayStation;Yes;Bungie;Capcom;2014;RPG;Yes;45.3;Ultra;Average;Average;Solid game, but the graphics could be better.;Offline;5
Fall Guys;39.6;Kids;54.9;PlayStation;Yes;Innersloth;Activision;2023;Strategy;Yes;41.2;Low;Average;Poor;Disappointing game, but the graphics could be better.;Offline;2
Rocket League;19.3;Adults;24.31;PlayStation;No;Bungie;Nintendo;2019;Party;Yes;25.6;High;Poor;Poor;Great game, but the gameplay is amazing.;Offline;6
Spelunky 2;32.0;Adults;42.89;PlayStation;No;CD Projekt Red;Square Enix;2020;Simulation;Yes;36.6;High;Excellent;Poor;Amazing game, but the graphics could be better.;Online;8
Grand Theft Auto V;29.3;Adults;30.24;PlayStation;No;Epic Games;Epic Games;2017;Simulation;Yes;43.4;High;Good;Poor;Great game, but the gameplay is amazing.;Offline;6
Hades;49.3;Teens;59.76;PlayStation;Yes;CD Projekt Red;Nintendo;2020;Shooter;Yes;59.4;Low;Good;Excellent;Solid game, but the graphics could be better.;Offline;7
Bioshock Infinite;36.3;All Ages;39.74;PlayStation;Yes;CD Projekt Red;Activision;2022;Puzzle;Yes;54.0;Ultra;Good;Average;Great game, but too many bugs.;Online;7
The Legend of Zelda: Breath of the Wild;33.5;Adults;56.12;PlayStation;Yes;Innersloth;Epic Games;2020;Puzzle;No;18.6;Ultra;Excellent;Average;Disappointing game, but the gameplay is amazing.;Offline;1
The Elder Scrolls V: Skyrim;31.3;Adults;29.66;PlayStation;Yes;Bungie;Take-Two Interactive;2018;Strategy;No;52.9;Medium;Good;Poor;Solid game, but the graphics could be better.;Offline;10
Super Smash Bros. Ultimate;25.3;Teens;33.65;PlayStation;No;Valve;Take-Two Interactive;2014;Fighting;Yes;34.2;High;Poor;Excellent;Disappointing game, but the gameplay is amazing.;Offline;4
Pokémon Scarlet & Violet;31.7;Adults;54.05;PlayStation;No;Bungie;Capcom;2014;Strategy;Yes;13.6;Low;Average;Average;Amazing game, but the gameplay is amazing.;Online;7
Mario Kart 8 Deluxe;40.8;Teens;53.73;PlayStation;No;Nintendo;Innersloth;2023;Strategy;No;48.1;High;Good;Poor;Amazing game, but the graphics could be better.;Offline;7
The Elder Scrolls V: Skyrim;39.5;All Ages;52.47;PlayStation;No;Nintendo;Epic Games;2017;Sports;No;44.3;Low;Poor;Excellent;Solid game, but the graphics could be better.;Offline;4
Minecraft;32.1;Kids;31.6;PlayStation;Yes;Epic Games;Nintendo;2016;Shooter;No;58.4;Low;Good;Excellent;Disappointing game, but the graphics could be better.;Offline;5
The Elder Scrolls V: Skyrim;22.4;Adults;20.7;PlayStation;Yes;Nintendo;Electronic Arts;2015;Party;No;42.9;Ultra;Poor;Good;Amazing game, but the graphics could be better.;Online;8
Hitman 3;40.0;Teens;50.8;PlayStation;Yes;Capcom;Innersloth;2020;Party;Yes;45.5;Medium;Good;Excellent;Amazing game, but the graphics could be better.;Offline;5
Sid Meier’s Civilization VI;31.6;Teens;39.79;PlayStation;No;Rockstar Games;Capcom;2023;Adventure;No;38.1;Ultra;Excellent;Excellent;Disappointing game, but the gameplay is amazing.;Offline;10
Tomb Raider (2013);29.8;Adults;44.67;PlayStation;No;Capcom;Nintendo;2014;Simulation;Yes;25.4;Low;Poor;Poor;Disappointing game, but the gameplay is amazing.;Online;8
The Witcher 3: Wild Hunt;31.8;All Ages;58.97;PlayStation;No;EA Sports;Capcom;2019;Sports;Yes;5.1;Ultra;Average;Excellent;Disappointing game, but too many bugs.;Online;3
Kingdom Hearts III;33.1;All Ages;59.52;PlayStation;Yes;Epic Games;Innersloth;2023;Fighting;No;14.8;Low;Excellent;Good;Disappointing game, but too many bugs.;Online;4
Grand Theft Auto V;27.4;Teens;36.43;PlayStation;Yes;CD Projekt Red;Square Enix;2010;RPG;No;34.1;Medium;Good;Good;Solid game, but too many bugs.;Offline;6
Hades;17.2;Adults;21.94;PlayStation;Yes;Innersloth;Epic Games;2019;Shooter;Yes;18.0;Low;Poor;Poor;Amazing game, but the graphics could be better.;Offline;7
Mario Kart 8 Deluxe;26.2;All Ages;32.16;PlayStation;Yes;CD Projekt Red;Capcom;2022;Party;Yes;36.9;Low;Poor;Average;Great game, but the graphics could be better.;Online;7
Pillars of Eternity II: Deadfire;17.2;Adults;31.89;PlayStation;Yes;Rockstar Games;Capcom;2021;Action;No;7.8;Ultra;Good;Excellent;Solid game, but too many bugs.;Online;10
FIFA 24;28.8;Kids;34.82;PlayStation;No;Game Freak;Activision;2018;Puzzle;No;35.6;Medium;Good;Poor;Solid game, but too many bugs.;Online;10
Call of Duty: Modern Warfare 2;44.5;Teens;57.17;PlayStation;No;Rockstar Games;Capcom;2012;Sports;Yes;54.3;Medium;Average;Excellent;Great game, but the graphics could be better.;Online;1
Rocket League;40.2;Teens;57.64;PlayStation;No;Valve;Activision;2011;Shooter;No;40.5;Ultra;Good;Average;Disappointing game, but the graphics could be better.;Offline;8
Overwatch 2;34.2;Adults;53.15;PlayStation;No;CD Projekt Red;Innersloth;2023;Adventure;Yes;22.2;High;Average;Average;Solid game, but the gameplay is amazing.;Offline;5
Counter-Strike: Global Offensive;27.2;Teens;30.4;PlayStation;No;Innersloth;Nintendo;2020;Fighting;Yes;36.9;Ultra;Average;Average;Solid game, but too many bugs.;Online;6
Pillars of Eternity II: Deadfire;30.8;Adults;45.61;PlayStation;Yes;Capcom;Activision;2011;Simulation;Yes;23.7;Medium;Average;Average;Amazing game, but the graphics could be better.;Offline;10
Stardew Valley;39.4;All Ages;54.73;PlayStation;No;Epic Games;Nintendo;2013;Fighting;Yes;34.8;Ultra;Excellent;Good;Great game, but too many bugs.;Online;3
Halo Infinite;25.9;All Ages;28.36;PlayStation;No;Capcom;Take-Two Interactive;2013;Action;No;33.4;High;Average;Average;Amazing game, but too many bugs.;Online;8
Halo Infinite;36.4;Teens;57.13;PlayStation;No;Game Freak;Take-Two Interactive;2016;Fighting;No;31.4;High;Excellent;Good;Amazing game, but too many bugs.;Online;5
Ghost of Tsushima;22.7;Adults;23.92;PlayStation;Yes;Bungie;Square Enix;2016;Strategy;Yes;36.8;Low;Good;Excellent;Amazing game, but the gameplay is amazing.;Offline;3
Red Dead Redemption 2;22.8;Adults;33.18;PlayStation;No;Bungie;Square Enix;2013;Simulation;No;15.2;Medium;Poor;Average;Solid game, but the graphics could be better.;Online;1
Call of Duty: Modern Warfare 2;37.4;Kids;49.16;PlayStation;Yes;Game Freak;Square Enix;2019;Simulation;Yes;41.3;Ultra;Excellent;Good;Solid game, but too many bugs.;Online;10
Minecraft;36.8;Kids;59.1;PlayStation;No;Valve;Take-Two Interactive;2012;Shooter;Yes;25.0;Medium;Good;Poor;Solid game, but the gameplay is amazing.;Offline;3
Sid Meier’s Civilization VI;38.0;Kids;52.42;PlayStation;Yes;Rockstar Games;Square Enix;2010;Simulation;Yes;33.7;Medium;Good;Average;Solid game, but the graphics could be better.;Online;8
Hades;25.5;Kids;44.58;PlayStation;Yes;Game Freak;Electronic Arts;2012;Puzzle;No;14.4;Low;Average;Excellent;Amazing game, but the gameplay is amazing.;Offline;10
Super Smash Bros. Ultimate;41.1;Adults;55.14;PlayStation;Yes;Epic Games;Capcom;2018;Sports;No;42.6;Ultra;Poor;Good;Amazing game, but the graphics could be better.;Online;2
Fortnite;34.5;All Ages;41.6;PlayStation;No;CD Projekt Red;Square Enix;2016;Adventure;No;50.6;High;Good;Good;Disappointing game, but too many bugs.;Online;3
Tomb Raider (2013);28.1;Adults;48.86;PlayStation;No;Game Freak;Activision;2010;Adventure;No;18.9;Low;Average;Excellent;Amazing game, but the gameplay is amazing.;Online;5
Tekken 7;28.6;Kids;45.88;PlayStation;No;Innersloth;Take-Two Interactive;2018;Simulation;No;17.0;Low;Poor;Poor;Solid game, but the gameplay is amazing.;Offline;5
Counter-Strike: Global Offensive;21.0;Teens;21.06;PlayStation;No;Bungie;Valve;2021;Simulation;Yes;31.6;High;Good;Poor;Solid game, but the gameplay is amazing.;Online;5
League of Legends;28.5;All Ages;40.38;PlayStation;No;Epic Games;Epic Games;2020;RPG;No;24.2;Medium;Excellent;Average;Solid game, but too many bugs.;Online;8
Halo Infinite;13.0;Kids;22.35;PlayStation;Yes;CD Projekt Red;Capcom;2021;Adventure;No;11.0;High;Poor;Excellent;Solid game, but the graphics could be better.;Offline;10
Among Us;22.7;Kids;42.77;PlayStation;No;CD Projekt Red;Electronic Arts;2023;Adventure;Yes;6.5;Low;Good;Good;Amazing game, but too many bugs.;Online;1
Tetris;26.6;Adults;24.75;PlayStation;No;CD Projekt Red;Innersloth;2015;Action;No;53.4;Low;Excellent;Good;Disappointing game, but the graphics could be better.;Online;1
Stardew Valley;16.9;All Ages;22.05;PlayStation;No;Epic Games;Capcom;2021;Adventure;No;18.6;Ultra;Average;Average;Amazing game, but the graphics could be better.;Online;1
Rocket League;27.2;All Ages;35.65;PlayStation;No;Game Freak;Epic Games;2013;Simulation;No;26.5;Medium;Poor;Excellent;Disappointing game, but too many bugs.;Offline;7
Pokémon Scarlet & Violet;12.0;All Ages;24.67;PlayStation;No;Rockstar Games;Capcom;2014;Puzzle;Yes;5.0;Ultra;Excellent;Average;Amazing game, but too many bugs.;Offline;10
Ghost of Tsushima;29.1;Teens;38.0;PlayStation;Yes;Epic Games;Activision;2019;Shooter;Yes;36.0;Low;Excellent;Average;Great game, but the graphics could be better.;Offline;5
League of Legends;20.9;Kids;35.17;PlayStation;No;Innersloth;Valve;2023;Puzzle;No;7.8;High;Excellent;Poor;Amazing game, but the gameplay is amazing.;Offline;2
Tekken 7;21.5;Kids;27.46;PlayStation;Yes;Capcom;Valve;2019;Sports;No;26.0;High;Average;Average;Great game, but too many bugs.;Online;7
Kingdom Hearts III;31.8;Adults;45.09;PlayStation;Yes;Valve;Activision;2010;Sports;No;36.1;Ultra;Good;Average;Great game, but the graphics could be better.;Offline;10
Kingdom Hearts III;24.9;All Ages;28.31;PlayStation;Yes;Valve;Take-Two Interactive;2012;Fighting;No;34.8;Ultra;Excellent;Poor;Amazing game, but the graphics could be better.;Online;1
Overwatch 2;41.1;Teens;57.32;PlayStation;Yes;Epic Games;Epic Games;2011;RPG;Yes;40.3;Low;Excellent;Average;Great game, but too many bugs.;Online;5
Red Dead Redemption 2;31.1;All Ages;41.44;PlayStation;Yes;Bungie;Take-Two Interactive;2013;RPG;No;35.3;High;Average;Poor;Great game, but the graphics could be better.;Online;7
Hitman 3;19.6;All Ages;24.11;PlayStation;No;Bungie;Square Enix;2018;Party;No;26.3;Low;Average;Average;Solid game, but too many bugs.;Online;10
Bioshock Infinite;40.8;All Ages;48.78;PlayStation;No;Capcom;Valve;2013;Sports;No;49.5;Low;Average;Good;Amazing game, but the gameplay is amazing.;Offline;10
Call of Duty: Modern Warfare 2;45.1;Kids;58.03;PlayStation;No;EA Sports;Take-Two Interactive;2019;Sports;Yes;58.0;Ultra;Poor;Poor;Disappointing game, but too many bugs.;Offline;6
Super Mario Odyssey;33.6;Teens;29.75;PlayStation;Yes;Bungie;Valve;2020;Action;Yes;58.3;Medium;Poor;Average;Amazing game, but too many bugs.;Offline;1
The Sims 4;26.9;All Ages;38.69;PlayStation;Yes;Epic Games;Square Enix;2016;RPG;Yes;18.9;Low;Good;Average;Solid game, but the graphics could be better.;Offline;3
Red Dead Redemption 2;33.5;Teens;33.01;PlayStation;No;Valve;Capcom;2017;Adventure;No;54.5;Medium;Excellent;Good;Disappointing game, but too many bugs.;Offline;8
Kingdom Hearts III;22.5;All Ages;43.49;PlayStation;No;Capcom;Nintendo;2017;Puzzle;No;8.4;Medium;Excellent;Average;Amazing game, but the gameplay is amazing.;Online;1
The Elder Scrolls V: Skyrim;33.8;Teens;36.46;PlayStation;Yes;Innersloth;Activision;2014;Puzzle;Yes;57.4;Medium;Good;Excellent;Great game, but the gameplay is amazing.;Offline;4
Minecraft;45.6;Adults;58.84;PlayStation;No;Epic Games;Activision;2013;Simulation;Yes;55.1;Low;Poor;Excellent;Amazing game, but the gameplay is amazing.;Online;5
Tetris;36.7;All Ages;39.96;PlayStation;Yes;Epic Games;Activision;2014;Action;Yes;59.3;Medium;Good;Good;Great game, but the gameplay is amazing.;Offline;10
Pillars of Eternity II: Deadfire;44.4;Teens;59.68;PlayStation;No;Capcom;Square Enix;2016;Fighting;Yes;43.0;High;Excellent;Average;Disappointing game, but too many bugs.;Offline;8
Red Dead Redemption 2;20.7;All Ages;30.52;PlayStation;No;CD Projekt Red;Square Enix;2014;Simulation;No;12.0;High;Average;Poor;Disappointing game, but too many bugs.;Offline;3
Street Fighter V;24.4;All Ages;23.31;PlayStation;Yes;EA Sports;Electronic Arts;2023;Adventure;Yes;38.5;High;Poor;Average;Disappointing game, but the gameplay is amazing.;Online;4
Halo Infinite;22.5;Kids;31.31;PlayStation;Yes;EA Sports;Electronic Arts;2015;Adventure;No;22.4;Ultra;Average;Poor;Amazing game, but the graphics could be better.;Online;10
Among Us;17.8;Kids;27.11;PlayStation;Yes;Game Freak;Capcom;2016;Simulation;No;14.8;Ultra;Poor;Poor;Amazing game, but the graphics could be better.;Offline;5
Hitman 3;42.3;Teens;54.09;PlayStation;No;Capcom;Epic Games;2021;Shooter;No;57.0;Low;Average;Good;Amazing game, but too many bugs.;Offline;10
League of Legends;38.6;Adults;47.15;PlayStation;Yes;Nintendo;Nintendo;2018;RPG;Yes;53.2;Ultra;Average;Good;Amazing game, but too many bugs.;Offline;2
Tekken 7;37.2;Teens;51.09;PlayStation;Yes;Innersloth;Epic Games;2021;Adventure;Yes;36.2;Low;Good;Good;Great game, but the graphics could be better.;Online;7
Sid Meier’s Civilization VI;39.1;Adults;49.22;PlayStation;No;Game Freak;Activision;2013;Sports;No;48.6;Medium;Poor;Average;Disappointing game, but the graphics could be better.;Online;4
Grand Theft Auto V;22.5;All Ages;32.15;PlayStation;Yes;Valve;Activision;2017;Shooter;Yes;16.1;Medium;Poor;Excellent;Amazing game, but the gameplay is amazing.;Online;5
Bioshock Infinite;22.8;Adults;32.6;PlayStation;No;EA Sports;Epic Games;2020;Shooter;Yes;27.5;Medium;Average;Poor;Solid game, but the graphics could be better.;Offline;5
Hades;25.7;All Ages;32.61;PlayStation;Yes;Nintendo;Nintendo;2022;Fighting;Yes;38.0;Medium;Excellent;Good;Solid game, but too many bugs.;Offline;5
Grand Theft Auto V;29.4;Kids;27.9;PlayStation;No;Nintendo;Capcom;2011;Shooter;No;53.5;Ultra;Average;Good;Amazing game, but the graphics could be better.;Offline;4
Tetris;30.9;All Ages;23.12;PlayStation;Yes;Nintendo;Epic Games;2019;Strategy;Yes;58.3;High;Excellent;Good;Amazing game, but too many bugs.;Online;1
Just Dance 2024;32.8;All Ages;54.14;PlayStation;Yes;Bungie;Electronic Arts;2016;Adventure;No;15.3;Ultra;Excellent;Poor;Disappointing game, but too many bugs.;Online;7
1000-Piece Puzzle;32.1;Kids;47.29;PlayStation;Yes;EA Sports;Innersloth;2023;RPG;No;27.4;Medium;Excellent;Average;Amazing game, but too many bugs.;Offline;1
The Legend of Zelda: Breath of the Wild;15.2;Kids;20.58;PlayStation;Yes;CD Projekt Red;Nintendo;2022;Party;Yes;20.0;High;Average;Excellent;Great game, but the gameplay is amazing.;Offline;10
Sid Meier’s Civilization VI;21.3;Kids;33.88;PlayStation;No;Bungie;Take-Two Interactive;2014;Shooter;Yes;12.9;High;Excellent;Poor;Amazing game, but the gameplay is amazing.;Online;4
Pokémon Scarlet & Violet;30.2;Adults;38.25;PlayStation;Yes;Innersloth;Epic Games;2015;Puzzle;Yes;37.4;Medium;Excellent;Average;Great game, but the graphics could be better.;Online;1
Cuphead;20.0;Teens;36.66;PlayStation;Yes;Nintendo;Epic Games;2023;Party;No;9.6;Low;Average;Excellent;Solid game, but the graphics could be better.;Online;8
1000-Piece Puzzle;26.1;Adults;46.07;PlayStation;Yes;Valve;Square Enix;2012;Sports;No;11.7;Ultra;Excellent;Good;Disappointing game, but too many bugs.;Online;10
Just Dance 2024;33.4;Adults;46.57;PlayStation;No;Bungie;Take-Two Interactive;2021;RPG;No;29.1;High;Good;Average;Solid game, but the gameplay is amazing.;Offline;3
Bioshock Infinite;33.3;All Ages;42.17;PlayStation;No;Innersloth;Electronic Arts;2021;Adventure;Yes;44.1;Medium;Good;Good;Amazing game, but the gameplay is amazing.;Offline;5
Mario Kart 8 Deluxe;41.0;Kids;58.75;PlayStation;No;CD Projekt Red;Take-Two Interactive;2018;Fighting;No;39.9;High;Poor;Poor;Great game, but too many bugs.;Online;1
Street Fighter V;32.0;Teens;55.78;PlayStation;No;Valve;Capcom;2023;Action;Yes;19.9;Low;Good;Good;Great game, but too many bugs.;Offline;1
Super Mario Odyssey;26.1;Teens;25.03;PlayStation;Yes;Bungie;Electronic Arts;2015;Fighting;No;44.2;Low;Average;Good;Disappointing game, but the graphics could be better.;Online;2
Portal 2;33.2;Teens;43.13;PlayStation;No;Capcom;Square Enix;2021;Fighting;Yes;42.7;High;Excellent;Average;Disappointing game, but the gameplay is amazing.;Online;6
Portal 2;41.0;Kids;47.36;PlayStation;No;Game Freak;Innersloth;2010;Puzzle;No;55.4;Ultra;Good;Poor;Disappointing game, but the graphics could be better.;Online;7
Bioshock Infinite;32.4;Adults;56.43;PlayStation;Yes;Bungie;Activision;2016;Adventure;Yes;10.0;High;Average;Poor;Great game, but the gameplay is amazing.;Offline;2
Cuphead;25.8;All Ages;36.35;PlayStation;No;EA Sports;Electronic Arts;2012;Shooter;Yes;29.8;Low;Excellent;Average;Amazing game, but the gameplay is amazing.;Online;7
FIFA 24;32.9;All Ages;44.91;PlayStation;No;Epic Games;Activision;2023;Fighting;No;36.8;Low;Average;Average;Amazing game, but the gameplay is amazing.;Online;5
Tekken 7;31.5;Kids;36.74;PlayStation;Yes;Capcom;Valve;2017;Strategy;No;43.0;Low;Good;Average;Great game, but the graphics could be better.;Online;8
Halo Infinite;19.6;Adults;30.89;PlayStation;Yes;CD Projekt Red;Epic Games;2014;Adventure;No;11.7;Medium;Good;Poor;Amazing game, but the graphics could be better.;Online;8
Ghost of Tsushima;18.9;Adults;28.61;PlayStation;Yes;CD Projekt Red;Take-Two Interactive;2010;RPG;Yes;16.5;Medium;Average;Excellent;Solid game, but too many bugs.;Online;4
Minecraft;15.4;Teens;28.05;PlayStation;No;Valve;Activision;2011;Adventure;No;6.3;Low;Good;Poor;Disappointing game, but the gameplay is amazing.;Online;5
League of Legends;34.4;Adults;47.19;PlayStation;Yes;Nintendo;Epic Games;2019;RPG;No;41.4;Low;Average;Average;Amazing game, but the gameplay is amazing.;Offline;4
Pillars of Eternity II: Deadfire;28.4;Teens;35.43;PlayStation;Yes;Epic Games;Valve;2021;Action;Yes;31.5;Low;Good;Excellent;Amazing game, but the gameplay is amazing.;Offline;6
The Elder Scrolls V: Skyrim;39.3;Kids;56.16;PlayStation;No;Epic Games;Capcom;2015;Action;No;38.5;High;Excellent;Average;Solid game, but the gameplay is amazing.;Offline;7
Just Dance 2024;19.6;Kids;27.51;PlayStation;No;Valve;Innersloth;2020;Party;No;19.8;Low;Excellent;Average;Great game, but the gameplay is amazing.;Online;10
Overwatch 2;35.4;Adults;32.83;PlayStation;No;Nintendo;Nintendo;2023;RPG;Yes;57.8;High;Good;Excellent;Great game, but the gameplay is amazing.;Offline;2
1000-Piece Puzzle;26.0;Kids;27.15;PlayStation;No;Innersloth;Take-Two Interactive;2023;Sports;No;40.8;High;Excellent;Excellent;Solid game, but the graphics could be better.;Online;2
Super Mario Odyssey;32.7;Adults;35.17;PlayStation;Yes;Capcom;Capcom;2011;Sports;No;45.8;Ultra;Poor;Average;Amazing game, but too many bugs.;Online;1
Super Smash Bros. Ultimate;20.1;Teens;25.13;PlayStation;No;Rockstar Games;Activision;2014;Shooter;Yes;18.6;High;Excellent;Excellent;Disappointing game, but too many bugs.;Online;8
Stardew Valley;34.3;Teens;57.51;PlayStation;No;Rockstar Games;Square Enix;2018;Fighting;No;16.1;Low;Excellent;Good;Amazing game, but too many bugs.;Online;3
Halo Infinite;33.5;Teens;31.51;PlayStation;No;Game Freak;Square Enix;2023;Party;Yes;59.7;Medium;Poor;Poor;Solid game, but too many bugs.;Online;3
Super Smash Bros. Ultimate;20.7;Adults;19.99;PlayStation;No;CD Projekt Red;Innersloth;2022;Fighting;No;31.5;High;Good;Poor;Amazing game, but too many bugs.;Online;10
Bioshock Infinite;19.0;Kids;32.06;PlayStation;Yes;Rockstar Games;Capcom;2018;Simulation;No;11.7;Low;Good;Good;Great game, but the gameplay is amazing.;Offline;2
Pokémon Scarlet & Violet;26.0;Kids;38.42;PlayStation;No;CD Projekt Red;Valve;2013;Action;No;19.4;Low;Excellent;Excellent;Solid game, but the gameplay is amazing.;Offline;10
Grand Theft Auto V;35.0;Teens;35.97;PlayStation;Yes;Rockstar Games;Square Enix;2014;Puzzle;No;57.6;Ultra;Good;Poor;Great game, but the gameplay is amazing.;Online;5
Half-Life: Alyx;27.3;Adults;36.79;PlayStation;No;Nintendo;Take-Two Interactive;2018;Shooter;Yes;28.8;Ultra;Good;Average;Solid game, but the graphics could be better.;Online;10
Call of Duty: Modern Warfare 2;25.0;Adults;21.96;PlayStation;No;Capcom;Capcom;2014;Simulation;No;42.2;Medium;Poor;Good;Disappointing game, but the gameplay is amazing.;Online;4
Fortnite;27.4;Kids;40.05;PlayStation;No;Capcom;Nintendo;2010;Shooter;Yes;21.6;Medium;Excellent;Poor;Disappointing game, but too many bugs.;Online;2
Bioshock Infinite;33.1;Kids;43.02;PlayStation;No;Valve;Nintendo;2011;Simulation;Yes;40.1;Ultra;Poor;Good;Solid game, but the gameplay is amazing.;Offline;5
Fall Guys;35.5;Adults;54.53;PlayStation;No;Game Freak;Epic Games;2016;Strategy;Yes;26.0;Low;Good;Excellent;Great game, but the gameplay is amazing.;Offline;6
Hades;44.2;Kids;55.38;PlayStation;Yes;EA Sports;Activision;2011;Shooter;No;54.9;Low;Poor;Average;Solid game, but the gameplay is amazing.;Online;8
The Sims 4;23.3;Teens;37.68;PlayStation;No;Valve;Nintendo;2012;Party;Yes;16.7;High;Excellent;Excellent;Great game, but the graphics could be better.;Offline;2
Counter-Strike: Global Offensive;28.1;Kids;43.25;PlayStation;Yes;Epic Games;Square Enix;2010;Strategy;Yes;15.3;High;Poor;Excellent;Solid game, but the graphics could be better.;Online;6
Portal 2;24.8;All Ages;44.37;PlayStation;Yes;Innersloth;Electronic Arts;2016;Puzzle;Yes;6.4;High;Excellent;Excellent;Disappointing game, but too many bugs.;Offline;5
1000-Piece Puzzle;28.2;Teens;29.23;PlayStation;Yes;Bungie;Electronic Arts;2014;Party;No;39.6;Low;Average;Average;Disappointing game, but too many bugs.;Offline;2
Street Fighter V;26.5;All Ages;42.96;PlayStation;Yes;EA Sports;Valve;2015;Sports;No;13.3;Low;Good;Good;Great game, but the gameplay is amazing.;Offline;7
Portal 2;26.2;Teens;33.11;PlayStation;Yes;CD Projekt Red;Capcom;2022;Fighting;No;28.7;Ultra;Poor;Poor;Amazing game, but the graphics could be better.;Offline;6
Counter-Strike: Global Offensive;36.5;Adults;40.56;PlayStation;No;Nintendo;Square Enix;2016;Action;No;58.0;High;Average;Excellent;Amazing game, but too many bugs.;Offline;6
The Legend of Zelda: Breath of the Wild;24.9;Kids;33.19;PlayStation;Yes;Nintendo;Valve;2010;Strategy;Yes;22.1;Medium;Average;Poor;Great game, but too many bugs.;Offline;4
The Elder Scrolls V: Skyrim;24.7;Teens;43.88;PlayStation;No;Rockstar Games;Electronic Arts;2021;RPG;No;8.5;High;Poor;Poor;Disappointing game, but the graphics could be better.;Online;10
Among Us;11.7;Adults;21.92;PlayStation;No;Game Freak;Capcom;2019;Party;Yes;6.2;Ultra;Poor;Good;Great game, but too many bugs.;Offline;1
Super Mario Odyssey;30.3;Adults;53.86;PlayStation;No;Rockstar Games;Epic Games;2019;Fighting;Yes;14.0;High;Excellent;Poor;Solid game, but too many bugs.;Offline;10
Portal 2;31.5;All Ages;49.61;PlayStation;Yes;Valve;Valve;2014;Action;No;24.5;Ultra;Poor;Good;Disappointing game, but too many bugs.;Offline;1
Fall Guys;22.5;Kids;31.85;PlayStation;Yes;Rockstar Games;Square Enix;2010;Sports;No;22.1;High;Excellent;Good;Solid game, but the graphics could be better.;Online;1
Super Mario Odyssey;23.3;Teens;40.62;PlayStation;No;Epic Games;Square Enix;2016;Action;No;7.5;Medium;Good;Excellent;Amazing game, but the gameplay is amazing.;Online;5
Just Dance 2024;39.9;All Ages;53.2;PlayStation;No;CD Projekt Red;Epic Games;2014;Strategy;No;45.4;High;Poor;Good;Disappointing game, but too many bugs.;Online;10
Grand Theft Auto V;24.7;Teens;25.32;PlayStation;No;CD Projekt Red;Innersloth;2023;Strategy;Yes;38.0;Medium;Good;Average;Amazing game, but the graphics could be better.;Offline;8
The Legend of Zelda: Breath of the Wild;43.1;All Ages;55.19;PlayStation;No;Epic Games;Innersloth;2014;Strategy;No;57.8;Ultra;Poor;Good;Solid game, but the gameplay is amazing.;Online;6
Red Dead Redemption 2;31.1;Adults;45.87;PlayStation;Yes;EA Sports;Valve;2010;Fighting;Yes;27.5;Low;Excellent;Average;Amazing game, but the graphics could be better.;Offline;2
The Elder Scrolls V: Skyrim;29.1;Kids;33.54;PlayStation;Yes;Nintendo;Innersloth;2012;Sports;No;47.0;High;Good;Average;Solid game, but the gameplay is amazing.;Offline;7
FIFA 24;30.1;Kids;30.46;PlayStation;No;Nintendo;Electronic Arts;2019;Puzzle;Yes;51.5;Ultra;Poor;Average;Disappointing game, but the gameplay is amazing.;Offline;10
Minecraft;14.0;All Ages;23.17;PlayStation;Yes;Capcom;Take-Two Interactive;2011;Party;No;8.7;High;Poor;Good;Great game, but the gameplay is amazing.;Online;5
Hades;40.7;Kids;50.3;PlayStation;No;Valve;Activision;2023;RPG;No;56.2;Ultra;Good;Excellent;Great game, but the graphics could be better.;Offline;8
Tomb Raider (2013);40.0;Kids;55.72;PlayStation;Yes;Valve;Square Enix;2010;Strategy;No;47.0;Low;Average;Excellent;Great game, but the gameplay is amazing.;Offline;3
Stardew Valley;31.6;All Ages;57.87;PlayStation;Yes;EA Sports;Take-Two Interactive;2013;Party;No;14.1;Medium;Excellent;Poor;Great game, but the gameplay is amazing.;Offline;7
Rocket League;33.2;All Ages;49.01;PlayStation;Yes;Capcom;Activision;2019;Fighting;Yes;35.6;High;Poor;Average;Great game, but the gameplay is amazing.;Online;7
Halo Infinite;36.1;Kids;34.21;PlayStation;Yes;Epic Games;Take-Two Interactive;2013;Simulation;Yes;57.9;High;Good;Good;Amazing game, but the gameplay is amazing.;Online;2
Mario Kart 8 Deluxe;24.1;Adults;43.28;PlayStation;No;Valve;Electronic Arts;2013;RPG;No;5.5;Low;Excellent;Excellent;Disappointing game, but the gameplay is amazing.;Offline;5
Pillars of Eternity II: Deadfire;32.2;Kids;58.11;PlayStation;Yes;Epic Games;Epic Games;2014;Adventure;Yes;11.6;Medium;Good;Good;Amazing game, but the gameplay is amazing.;Offline;4
Tetris;30.9;Adults;49.37;PlayStation;Yes;Capcom;Nintendo;2011;Party;Yes;24.7;Medium;Poor;Average;Solid game, but too many bugs.;Offline;6
Red Dead Redemption 2;40.5;Kids;48.18;PlayStation;No;Bungie;Take-Two Interactive;2012;Party;Yes;58.2;Low;Average;Average;Disappointing game, but too many bugs.;Online;4
The Legend of Zelda: Breath of the Wild;40.5;Teens;44.59;PlayStation;No;Epic Games;Innersloth;2013;Shooter;No;55.3;High;Poor;Poor;Great game, but too many bugs.;Online;8
Halo Infinite;35.2;Adults;49.01;PlayStation;Yes;Epic Games;Epic Games;2020;Puzzle;No;33.2;Ultra;Excellent;Average;Amazing game, but the gameplay is amazing.;Online;5
Fortnite;33.5;Adults;58.54;PlayStation;Yes;EA Sports;Innersloth;2015;Sports;No;16.8;Medium;Good;Excellent;Solid game, but the graphics could be better.;Online;2
Hitman 3;33.6;Adults;39.94;PlayStation;Yes;CD Projekt Red;Epic Games;2022;Fighting;Yes;43.7;High;Poor;Average;Great game, but the graphics could be better.;Offline;5
FIFA 24;26.4;Teens;51.57;PlayStation;Yes;Bungie;Valve;2022;Simulation;Yes;6.2;Ultra;Average;Average;Disappointing game, but the graphics could be better.;Online;1
The Witcher 3: Wild Hunt;31.7;Kids;59.98;PlayStation;No;Innersloth;Innersloth;2018;Simulation;No;8.1;Medium;Good;Poor;Amazing game, but the gameplay is amazing.;Online;6
The Legend of Zelda: Breath of the Wild;37.9;Teens;47.7;PlayStation;No;Nintendo;Electronic Arts;2015;Party;Yes;52.5;Low;Good;Good;Solid game, but too many bugs.;Online;4
Ghost of Tsushima;19.9;Teens;24.92;PlayStation;Yes;Capcom;Nintendo;2011;Action;Yes;23.1;High;Good;Average;Amazing game, but the graphics could be better.;Offline;8
Super Smash Bros. Ultimate;32.3;All Ages;43.37;PlayStation;No;Nintendo;Innersloth;2015;Simulation;No;40.2;High;Poor;Poor;Great game, but the graphics could be better.;Online;2